wandb: Agent Starting Run: 30ngayeh with config:
wandb: 	model.activation: relu
wandb: 	model.batch_norm: True
wandb: 	model.dropout: 0.3
wandb: 	model.hidden_layers: [128, 64, 32]
wandb: 	training.batch_size: 256
wandb: 	training.early_stopping.counter: 0
wandb: 	training.early_stopping.patience: 8
wandb: 	training.epochs: 40
wandb: 	training.learning_rate: 0.028835408025313786
wandb: 	training.optimizer: sgd
wandb: Currently logged in as: xmajercik (xmajercik-fiit-stu) to https://api.wandb.ai. Use `wandb login --relogin` to force relogin
wandb: WARNING Ignoring project 'bioresponse-mlp' when running a sweep.
wandb: WARNING Ignoring entity 'xmajercik-fiit-stu' when running a sweep.
wandb: Tracking run with wandb version 0.22.3
wandb: Run data is saved locally in /Users/tomasmajercik/School/5_semester/ZNEUS/project1/wandb/run-20251109_155549-30ngayeh
wandb: Run `wandb offline` to turn off syncing.
wandb: Syncing run prime-sweep-1
wandb: ⭐️ View project at https://wandb.ai/xmajercik-fiit-stu/bioresponse-mlp
wandb: 🧹 View sweep at https://wandb.ai/xmajercik-fiit-stu/bioresponse-mlp/sweeps/1cfqgjo7
wandb: 🚀 View run at https://wandb.ai/xmajercik-fiit-stu/bioresponse-mlp/runs/30ngayeh
wandb: updating run metadata; uploading artifact run-30ngayeh-final_conf_mat_table; uploading media/table/final_conf_mat_table_31_380c924e57f91af4429a.table.json
wandb: uploading artifact run-30ngayeh-final_conf_mat_table; uploading wandb-summary.json; uploading config.yaml
wandb: uploading artifact run-30ngayeh-final_conf_mat_table
wandb: 
wandb: Run history:
wandb:        epoch ▁▁▁▂▂▂▂▃▃▃▃▄▄▄▄▅▅▅▅▅▆▆▆▆▇▇▇▇███
wandb:   train_loss █▆▄▆▄▃▄▃▃▃▂▄▃▃▂▃▁▃▂▂▂▁▁▂▂▂▁▁▁▂▂
wandb: val_accuracy ▁▁▁▁▁▁▁▁▁▁▁▁▁▁▁▁▁▁▁▁▁▁▁▁▁▁▁▁▁▁▁
wandb:       val_f1 ▁▁▁▁▁▁▁▁▁▁▁▁▁▁▁▁▁▁▁▁▁▁▁▁▁▁▁▁▁▁▁
wandb:     val_loss █▅▃▃▄▃▃▃▂▂▂▂▁▂▁▂▁▁▁▁▁▁▁▁▁▁▁▁▁▁▁
wandb: 
wandb: Run summary:
wandb:        epoch 31
wandb:   train_loss 0.69172
wandb: val_accuracy 0.54133
wandb:       val_f1 0.70242
wandb:     val_loss 0.68665
wandb: 
wandb: 🚀 View run run_lr0.0288_bs256_optsgd at: https://wandb.ai/xmajercik-fiit-stu/bioresponse-mlp/runs/30ngayeh
wandb: ⭐️ View project at: https://wandb.ai/xmajercik-fiit-stu/bioresponse-mlp
wandb: Synced 5 W&B file(s), 1 media file(s), 2 artifact file(s) and 0 other file(s)
wandb: Find logs at: ./wandb/run-20251109_155549-30ngayeh/logs
wandb: Agent Starting Run: a5f79l0a with config:
wandb: 	model.activation: relu
wandb: 	model.batch_norm: True
wandb: 	model.dropout: 0.5
wandb: 	model.hidden_layers: [256, 128, 64]
wandb: 	training.batch_size: 64
wandb: 	training.early_stopping.counter: 0
wandb: 	training.early_stopping.patience: 5
wandb: 	training.epochs: 40
wandb: 	training.learning_rate: 0.07029597120239468
wandb: 	training.optimizer: sgd
wandb: WARNING Ignoring project 'bioresponse-mlp' when running a sweep.
wandb: WARNING Ignoring entity 'xmajercik-fiit-stu' when running a sweep.
wandb: Tracking run with wandb version 0.22.3
wandb: Run data is saved locally in /Users/tomasmajercik/School/5_semester/ZNEUS/project1/wandb/run-20251109_155600-a5f79l0a
wandb: Run `wandb offline` to turn off syncing.
wandb: Syncing run stoic-sweep-2
wandb: ⭐️ View project at https://wandb.ai/xmajercik-fiit-stu/bioresponse-mlp
wandb: 🧹 View sweep at https://wandb.ai/xmajercik-fiit-stu/bioresponse-mlp/sweeps/1cfqgjo7
wandb: 🚀 View run at https://wandb.ai/xmajercik-fiit-stu/bioresponse-mlp/runs/a5f79l0a
wandb: updating run metadata; uploading artifact run-a5f79l0a-final_conf_mat_table; uploading wandb-metadata.json
wandb: uploading artifact run-a5f79l0a-final_conf_mat_table; uploading output.log; uploading wandb-summary.json; uploading config.yaml
wandb: uploading artifact run-a5f79l0a-final_conf_mat_table
wandb: uploading history steps 0-10, summary, console lines 0-4
wandb: 
wandb: Run history:
wandb:        epoch ▁▂▃▃▄▅▆▆▇█
wandb:   train_loss █▃▂▁▂▁▂▁▁▂
wandb: val_accuracy ▁▁▁▁▁▁▁▁▁▁
wandb:       val_f1 ▁▁▁▁▁▁▁▁▁▁
wandb:     val_loss ▃▇█▅▁▄▄▄▁▆
wandb: 
wandb: Run summary:
wandb:        epoch 10
wandb:   train_loss 0.69422
wandb: val_accuracy 0.54133
wandb:       val_f1 0.70242
wandb:     val_loss 0.68955
wandb: 
wandb: 🚀 View run run_lr0.0703_bs64_optsgd at: https://wandb.ai/xmajercik-fiit-stu/bioresponse-mlp/runs/a5f79l0a
wandb: ⭐️ View project at: https://wandb.ai/xmajercik-fiit-stu/bioresponse-mlp
wandb: Synced 5 W&B file(s), 1 media file(s), 2 artifact file(s) and 0 other file(s)
wandb: Find logs at: ./wandb/run-20251109_155600-a5f79l0a/logs
wandb: Agent Starting Run: 9e4etrrp with config:
wandb: 	model.activation: tanh
wandb: 	model.batch_norm: True
wandb: 	model.dropout: 0.2
wandb: 	model.hidden_layers: [128, 64, 32]
wandb: 	training.batch_size: 64
wandb: 	training.early_stopping.counter: 0
wandb: 	training.early_stopping.patience: 3
wandb: 	training.epochs: 40
wandb: 	training.learning_rate: 0.03405518618366386
wandb: 	training.optimizer: sgd
wandb: WARNING Ignoring project 'bioresponse-mlp' when running a sweep.
wandb: WARNING Ignoring entity 'xmajercik-fiit-stu' when running a sweep.
wandb: Tracking run with wandb version 0.22.3
wandb: Run data is saved locally in /Users/tomasmajercik/School/5_semester/ZNEUS/project1/wandb/run-20251109_155610-9e4etrrp
wandb: Run `wandb offline` to turn off syncing.
wandb: Syncing run twilight-sweep-3
wandb: ⭐️ View project at https://wandb.ai/xmajercik-fiit-stu/bioresponse-mlp
wandb: 🧹 View sweep at https://wandb.ai/xmajercik-fiit-stu/bioresponse-mlp/sweeps/1cfqgjo7
wandb: 🚀 View run at https://wandb.ai/xmajercik-fiit-stu/bioresponse-mlp/runs/9e4etrrp
wandb: updating run metadata; uploading artifact run-9e4etrrp-final_conf_mat_table
wandb: uploading artifact run-9e4etrrp-final_conf_mat_table; uploading wandb-summary.json; uploading config.yaml
wandb: uploading artifact run-9e4etrrp-final_conf_mat_table
wandb: uploading history steps 0-8, summary, console lines 0-3
wandb: 
wandb: Run history:
wandb:        epoch ▁▂▃▄▅▆▇█
wandb:   train_loss █▄▃▂▁▁▂▂
wandb: val_accuracy ▁▃▂▆████
wandb:       val_f1 ▁▆▃▅████
wandb:     val_loss █▂▂▁▁▁▁▁
wandb: 
wandb: Run summary:
wandb:        epoch 8
wandb:   train_loss 0.69389
wandb: val_accuracy 0.54133
wandb:       val_f1 0.70242
wandb:     val_loss 0.68982
wandb: 
wandb: 🚀 View run run_lr0.0341_bs64_optsgd at: https://wandb.ai/xmajercik-fiit-stu/bioresponse-mlp/runs/9e4etrrp
wandb: ⭐️ View project at: https://wandb.ai/xmajercik-fiit-stu/bioresponse-mlp
wandb: Synced 5 W&B file(s), 1 media file(s), 2 artifact file(s) and 0 other file(s)
wandb: Find logs at: ./wandb/run-20251109_155610-9e4etrrp/logs
wandb: Agent Starting Run: gfwef78j with config:
wandb: 	model.activation: relu
wandb: 	model.batch_norm: True
wandb: 	model.dropout: 0.3
wandb: 	model.hidden_layers: [512]
wandb: 	training.batch_size: 64
wandb: 	training.early_stopping.counter: 0
wandb: 	training.early_stopping.patience: 8
wandb: 	training.epochs: 40
wandb: 	training.learning_rate: 0.0008049760885857764
wandb: 	training.optimizer: sgd
wandb: WARNING Ignoring project 'bioresponse-mlp' when running a sweep.
wandb: WARNING Ignoring entity 'xmajercik-fiit-stu' when running a sweep.
wandb: Tracking run with wandb version 0.22.3
wandb: Run data is saved locally in /Users/tomasmajercik/School/5_semester/ZNEUS/project1/wandb/run-20251109_155615-gfwef78j
wandb: Run `wandb offline` to turn off syncing.
wandb: Syncing run good-sweep-4
wandb: ⭐️ View project at https://wandb.ai/xmajercik-fiit-stu/bioresponse-mlp
wandb: 🧹 View sweep at https://wandb.ai/xmajercik-fiit-stu/bioresponse-mlp/sweeps/1cfqgjo7
wandb: 🚀 View run at https://wandb.ai/xmajercik-fiit-stu/bioresponse-mlp/runs/gfwef78j
wandb: updating run metadata; uploading artifact run-gfwef78j-final_conf_mat_table
wandb: uploading artifact run-gfwef78j-final_conf_mat_table; uploading wandb-summary.json; uploading wandb-metadata.json; uploading media/table/final_conf_mat_table_15_380c924e57f91af4429a.table.json; uploading config.yaml
wandb: uploading artifact run-gfwef78j-final_conf_mat_table
wandb: 
wandb: Run history:
wandb:        epoch ▁▁▂▃▃▃▄▅▅▅▆▇▇▇█
wandb:   train_loss ▆▅▁▃▄▄▅▄▁▄▁▃█▆▇
wandb: val_accuracy ███████▁███████
wandb:       val_f1 ███████▁███████
wandb:     val_loss ▃▁▂▂▂▂▁█▃▂▂▂▂▂▁
wandb: 
wandb: Run summary:
wandb:        epoch 15
wandb:   train_loss 0.69927
wandb: val_accuracy 0.54133
wandb:       val_f1 0.70242
wandb:     val_loss 0.68927
wandb: 
wandb: 🚀 View run run_lr0.0008_bs64_optsgd at: https://wandb.ai/xmajercik-fiit-stu/bioresponse-mlp/runs/gfwef78j
wandb: ⭐️ View project at: https://wandb.ai/xmajercik-fiit-stu/bioresponse-mlp
wandb: Synced 5 W&B file(s), 1 media file(s), 2 artifact file(s) and 0 other file(s)
wandb: Find logs at: ./wandb/run-20251109_155615-gfwef78j/logs
wandb: Agent Starting Run: won9nirk with config:
wandb: 	model.activation: tanh
wandb: 	model.batch_norm: False
wandb: 	model.dropout: 0.5
wandb: 	model.hidden_layers: [512]
wandb: 	training.batch_size: 64
wandb: 	training.early_stopping.counter: 0
wandb: 	training.early_stopping.patience: 5
wandb: 	training.epochs: 40
wandb: 	training.learning_rate: 0.044832561304908154
wandb: 	training.optimizer: adamw
wandb: WARNING Ignoring project 'bioresponse-mlp' when running a sweep.
wandb: WARNING Ignoring entity 'xmajercik-fiit-stu' when running a sweep.
wandb: Tracking run with wandb version 0.22.3
wandb: Run data is saved locally in /Users/tomasmajercik/School/5_semester/ZNEUS/project1/wandb/run-20251109_155621-won9nirk
wandb: Run `wandb offline` to turn off syncing.
wandb: Syncing run laced-sweep-5
wandb: ⭐️ View project at https://wandb.ai/xmajercik-fiit-stu/bioresponse-mlp
wandb: 🧹 View sweep at https://wandb.ai/xmajercik-fiit-stu/bioresponse-mlp/sweeps/1cfqgjo7
wandb: 🚀 View run at https://wandb.ai/xmajercik-fiit-stu/bioresponse-mlp/runs/won9nirk
wandb: updating run metadata; uploading artifact run-won9nirk-final_conf_mat_table
wandb: uploading artifact run-won9nirk-final_conf_mat_table; uploading media/table/final_conf_mat_table_9_380c924e57f91af4429a.table.json; uploading output.log; uploading config.yaml
wandb: uploading artifact run-won9nirk-final_conf_mat_table
wandb: uploading history steps 0-9, summary, console lines 0-3
wandb: 
wandb: Run history:
wandb:        epoch ▁▂▃▄▅▅▆▇█
wandb:   train_loss █▃▅▁▅▅▅▂▄
wandb: val_accuracy █▁█████▁▁
wandb:       val_f1 █▁█████▁▁
wandb:     val_loss ▁▄▃▁▆▄▂█▃
wandb: 
wandb: Run summary:
wandb:        epoch 9
wandb:   train_loss 1.05435
wandb: val_accuracy 0.46133
wandb:       val_f1 0.0098
wandb:     val_loss 0.76537
wandb: 
wandb: 🚀 View run run_lr0.0448_bs64_optadamw at: https://wandb.ai/xmajercik-fiit-stu/bioresponse-mlp/runs/won9nirk
wandb: ⭐️ View project at: https://wandb.ai/xmajercik-fiit-stu/bioresponse-mlp
wandb: Synced 5 W&B file(s), 1 media file(s), 2 artifact file(s) and 0 other file(s)
wandb: Find logs at: ./wandb/run-20251109_155621-won9nirk/logs
wandb: Agent Starting Run: 1osqn8q2 with config:
wandb: 	model.activation: tanh
wandb: 	model.batch_norm: True
wandb: 	model.dropout: 0.2
wandb: 	model.hidden_layers: [256, 128, 64]
wandb: 	training.batch_size: 256
wandb: 	training.early_stopping.counter: 0
wandb: 	training.early_stopping.patience: 3
wandb: 	training.epochs: 40
wandb: 	training.learning_rate: 0.00987651157197538
wandb: 	training.optimizer: sgd
wandb: WARNING Ignoring project 'bioresponse-mlp' when running a sweep.
wandb: WARNING Ignoring entity 'xmajercik-fiit-stu' when running a sweep.
wandb: Tracking run with wandb version 0.22.3
wandb: Run data is saved locally in /Users/tomasmajercik/School/5_semester/ZNEUS/project1/wandb/run-20251109_155626-1osqn8q2
wandb: Run `wandb offline` to turn off syncing.
wandb: Syncing run celestial-sweep-6
wandb: ⭐️ View project at https://wandb.ai/xmajercik-fiit-stu/bioresponse-mlp
wandb: 🧹 View sweep at https://wandb.ai/xmajercik-fiit-stu/bioresponse-mlp/sweeps/1cfqgjo7
wandb: 🚀 View run at https://wandb.ai/xmajercik-fiit-stu/bioresponse-mlp/runs/1osqn8q2
wandb: updating run metadata; uploading artifact run-1osqn8q2-final_conf_mat_table
wandb: uploading artifact run-1osqn8q2-final_conf_mat_table; uploading output.log; uploading wandb-summary.json; uploading config.yaml
wandb: uploading artifact run-1osqn8q2-final_conf_mat_table
wandb: uploading history steps 1-5, summary, console lines 0-3
wandb: 
wandb: Run history:
wandb:        epoch ▁▃▅▆█
wandb:   train_loss █▄█▁▄
wandb: val_accuracy ▁█▁▁▅
wandb:       val_f1 ▁█▁▂▇
wandb:     val_loss ▇▁█▆▅
wandb: 
wandb: Run summary:
wandb:        epoch 5
wandb:   train_loss 0.704
wandb: val_accuracy 0.488
wandb:       val_f1 0.50259
wandb:     val_loss 0.69563
wandb: 
wandb: 🚀 View run run_lr0.0099_bs256_optsgd at: https://wandb.ai/xmajercik-fiit-stu/bioresponse-mlp/runs/1osqn8q2
wandb: ⭐️ View project at: https://wandb.ai/xmajercik-fiit-stu/bioresponse-mlp
wandb: Synced 5 W&B file(s), 1 media file(s), 2 artifact file(s) and 0 other file(s)
wandb: Find logs at: ./wandb/run-20251109_155626-1osqn8q2/logs
wandb: Agent Starting Run: 2ivglxjj with config:
wandb: 	model.activation: relu
wandb: 	model.batch_norm: True
wandb: 	model.dropout: 0.2
wandb: 	model.hidden_layers: [128, 64, 32]
wandb: 	training.batch_size: 128
wandb: 	training.early_stopping.counter: 0
wandb: 	training.early_stopping.patience: 3
wandb: 	training.epochs: 40
wandb: 	training.learning_rate: 0.007422223998008035
wandb: 	training.optimizer: rmsprop
wandb: WARNING Ignoring project 'bioresponse-mlp' when running a sweep.
wandb: WARNING Ignoring entity 'xmajercik-fiit-stu' when running a sweep.
wandb: Tracking run with wandb version 0.22.3
wandb: Run data is saved locally in /Users/tomasmajercik/School/5_semester/ZNEUS/project1/wandb/run-20251109_155631-2ivglxjj
wandb: Run `wandb offline` to turn off syncing.
wandb: Syncing run colorful-sweep-7
wandb: ⭐️ View project at https://wandb.ai/xmajercik-fiit-stu/bioresponse-mlp
wandb: 🧹 View sweep at https://wandb.ai/xmajercik-fiit-stu/bioresponse-mlp/sweeps/1cfqgjo7
wandb: 🚀 View run at https://wandb.ai/xmajercik-fiit-stu/bioresponse-mlp/runs/2ivglxjj
wandb: updating run metadata; uploading artifact run-2ivglxjj-final_conf_mat_table
wandb: uploading artifact run-2ivglxjj-final_conf_mat_table; uploading wandb-summary.json; uploading config.yaml
wandb: uploading artifact run-2ivglxjj-final_conf_mat_table
wandb: uploading history steps 0-5, summary, console lines 0-3
wandb: 
wandb: Run history:
wandb:        epoch ▁▃▅▆█
wandb:   train_loss █▁▂▁▁
wandb: val_accuracy █▅▁██
wandb:       val_f1 █▂▁██
wandb:     val_loss █▁▂▁▁
wandb: 
wandb: Run summary:
wandb:        epoch 5
wandb:   train_loss 0.69031
wandb: val_accuracy 0.54133
wandb:       val_f1 0.70242
wandb:     val_loss 0.68967
wandb: 
wandb: 🚀 View run run_lr0.0074_bs128_optrmsprop at: https://wandb.ai/xmajercik-fiit-stu/bioresponse-mlp/runs/2ivglxjj
wandb: ⭐️ View project at: https://wandb.ai/xmajercik-fiit-stu/bioresponse-mlp
wandb: Synced 5 W&B file(s), 1 media file(s), 2 artifact file(s) and 0 other file(s)
wandb: Find logs at: ./wandb/run-20251109_155631-2ivglxjj/logs
wandb: Agent Starting Run: 46auemrp with config:
wandb: 	model.activation: tanh
wandb: 	model.batch_norm: True
wandb: 	model.dropout: 0.5
wandb: 	model.hidden_layers: [512]
wandb: 	training.batch_size: 64
wandb: 	training.early_stopping.counter: 0
wandb: 	training.early_stopping.patience: 3
wandb: 	training.epochs: 40
wandb: 	training.learning_rate: 0.0002937015362189611
wandb: 	training.optimizer: sgd
wandb: WARNING Ignoring project 'bioresponse-mlp' when running a sweep.
wandb: WARNING Ignoring entity 'xmajercik-fiit-stu' when running a sweep.
wandb: Tracking run with wandb version 0.22.3
wandb: Run data is saved locally in /Users/tomasmajercik/School/5_semester/ZNEUS/project1/wandb/run-20251109_155637-46auemrp
wandb: Run `wandb offline` to turn off syncing.
wandb: Syncing run solar-sweep-8
wandb: ⭐️ View project at https://wandb.ai/xmajercik-fiit-stu/bioresponse-mlp
wandb: 🧹 View sweep at https://wandb.ai/xmajercik-fiit-stu/bioresponse-mlp/sweeps/1cfqgjo7
wandb: 🚀 View run at https://wandb.ai/xmajercik-fiit-stu/bioresponse-mlp/runs/46auemrp
wandb: updating run metadata; uploading artifact run-46auemrp-final_conf_mat_table
wandb: uploading artifact run-46auemrp-final_conf_mat_table; uploading config.yaml
wandb: uploading artifact run-46auemrp-final_conf_mat_table
wandb: uploading history steps 0-7, summary, console lines 0-3
wandb: 
wandb: Run history:
wandb:        epoch ▁▂▃▅▆▇█
wandb:   train_loss █▅▁▂▃▂▂
wandb: val_accuracy ▄▁▄▁▅█▇
wandb:       val_f1 █▁▄▂▆█▇
wandb:     val_loss █▃▂▁▂▁▁
wandb: 
wandb: Run summary:
wandb:        epoch 7
wandb:   train_loss 0.71308
wandb: val_accuracy 0.49333
wandb:       val_f1 0.41358
wandb:     val_loss 0.69426
wandb: 
wandb: 🚀 View run run_lr0.0003_bs64_optsgd at: https://wandb.ai/xmajercik-fiit-stu/bioresponse-mlp/runs/46auemrp
wandb: ⭐️ View project at: https://wandb.ai/xmajercik-fiit-stu/bioresponse-mlp
wandb: Synced 5 W&B file(s), 1 media file(s), 2 artifact file(s) and 0 other file(s)
wandb: Find logs at: ./wandb/run-20251109_155637-46auemrp/logs
wandb: Agent Starting Run: 9777y2fd with config:
wandb: 	model.activation: tanh
wandb: 	model.batch_norm: False
wandb: 	model.dropout: 0.3
wandb: 	model.hidden_layers: [512, 256, 128, 64]
wandb: 	training.batch_size: 64
wandb: 	training.early_stopping.counter: 0
wandb: 	training.early_stopping.patience: 5
wandb: 	training.epochs: 40
wandb: 	training.learning_rate: 0.0020407127750832876
wandb: 	training.optimizer: adamw
wandb: WARNING Ignoring project 'bioresponse-mlp' when running a sweep.
wandb: WARNING Ignoring entity 'xmajercik-fiit-stu' when running a sweep.
wandb: Tracking run with wandb version 0.22.3
wandb: Run data is saved locally in /Users/tomasmajercik/School/5_semester/ZNEUS/project1/wandb/run-20251109_155642-9777y2fd
wandb: Run `wandb offline` to turn off syncing.
wandb: Syncing run kind-sweep-9
wandb: ⭐️ View project at https://wandb.ai/xmajercik-fiit-stu/bioresponse-mlp
wandb: 🧹 View sweep at https://wandb.ai/xmajercik-fiit-stu/bioresponse-mlp/sweeps/1cfqgjo7
wandb: 🚀 View run at https://wandb.ai/xmajercik-fiit-stu/bioresponse-mlp/runs/9777y2fd
wandb: updating run metadata; uploading artifact run-9777y2fd-final_conf_mat_table
wandb: uploading artifact run-9777y2fd-final_conf_mat_table; uploading media/table/final_conf_mat_table_6_199d54f9f4a8d785b3e9.table.json; uploading output.log; uploading wandb-summary.json; uploading config.yaml
wandb: uploading artifact run-9777y2fd-final_conf_mat_table
wandb: uploading history steps 1-6, summary, console lines 0-3
wandb: 
wandb: Run history:
wandb:        epoch ▁▂▄▅▇█
wandb:   train_loss ▅▆█▃▁▂
wandb: val_accuracy ██▁███
wandb:       val_f1 ██▁███
wandb:     val_loss ▁▂█▁▂▂
wandb: 
wandb: Run summary:
wandb:        epoch 6
wandb:   train_loss 0.69436
wandb: val_accuracy 0.54133
wandb:       val_f1 0.70242
wandb:     val_loss 0.69092
wandb: 
wandb: 🚀 View run run_lr0.0020_bs64_optadamw at: https://wandb.ai/xmajercik-fiit-stu/bioresponse-mlp/runs/9777y2fd
wandb: ⭐️ View project at: https://wandb.ai/xmajercik-fiit-stu/bioresponse-mlp
wandb: Synced 5 W&B file(s), 1 media file(s), 2 artifact file(s) and 0 other file(s)
wandb: Find logs at: ./wandb/run-20251109_155642-9777y2fd/logs
wandb: Agent Starting Run: 4c09nhwy with config:
wandb: 	model.activation: tanh
wandb: 	model.batch_norm: True
wandb: 	model.dropout: 0.2
wandb: 	model.hidden_layers: [256, 128, 64]
wandb: 	training.batch_size: 64
wandb: 	training.early_stopping.counter: 0
wandb: 	training.early_stopping.patience: 8
wandb: 	training.epochs: 40
wandb: 	training.learning_rate: 0.0012261650664730929
wandb: 	training.optimizer: sgd
wandb: WARNING Ignoring project 'bioresponse-mlp' when running a sweep.
wandb: WARNING Ignoring entity 'xmajercik-fiit-stu' when running a sweep.
wandb: setting up run 4c09nhwy
wandb: Tracking run with wandb version 0.22.3
wandb: Run data is saved locally in /Users/tomasmajercik/School/5_semester/ZNEUS/project1/wandb/run-20251109_155647-4c09nhwy
wandb: Run `wandb offline` to turn off syncing.
wandb: Syncing run icy-sweep-10
wandb: ⭐️ View project at https://wandb.ai/xmajercik-fiit-stu/bioresponse-mlp
wandb: 🧹 View sweep at https://wandb.ai/xmajercik-fiit-stu/bioresponse-mlp/sweeps/1cfqgjo7
wandb: 🚀 View run at https://wandb.ai/xmajercik-fiit-stu/bioresponse-mlp/runs/4c09nhwy
wandb: updating run metadata; uploading artifact run-4c09nhwy-final_conf_mat_table
wandb: uploading artifact run-4c09nhwy-final_conf_mat_table; uploading wandb-summary.json; uploading media/table/final_conf_mat_table_20_380c924e57f91af4429a.table.json; uploading config.yaml
wandb: uploading artifact run-4c09nhwy-final_conf_mat_table; uploading wandb-summary.json
wandb: 
wandb: Run history:
wandb:        epoch ▁▁▂▂▂▃▃▄▄▄▅▅▅▆▆▇▇▇██
wandb:   train_loss ▆▆█▆▇▇▇▇█▆▂▃▅▄▆▅▄▇▁▂
wandb: val_accuracy ▇▇▄▁▇█▇▇▆█▇▇▇▄▆▇▇▇▇▅
wandb:       val_f1 ██▅▁████▃████▃▄████▃
wandb:     val_loss ▅▇▅██▇▆▆▆▃▃▁▅▅▄▃▃▃▃▄
wandb: 
wandb: Run summary:
wandb:        epoch 20
wandb:   train_loss 0.69632
wandb: val_accuracy 0.528
wandb:       val_f1 0.60579
wandb:     val_loss 0.69128
wandb: 
wandb: 🚀 View run run_lr0.0012_bs64_optsgd at: https://wandb.ai/xmajercik-fiit-stu/bioresponse-mlp/runs/4c09nhwy
wandb: ⭐️ View project at: https://wandb.ai/xmajercik-fiit-stu/bioresponse-mlp
wandb: Synced 5 W&B file(s), 1 media file(s), 2 artifact file(s) and 0 other file(s)
wandb: Find logs at: ./wandb/run-20251109_155647-4c09nhwy/logs
wandb: Agent Starting Run: 1zvhbcfd with config:
wandb: 	model.activation: tanh
wandb: 	model.batch_norm: False
wandb: 	model.dropout: 0.2
wandb: 	model.hidden_layers: [512]
wandb: 	training.batch_size: 256
wandb: 	training.early_stopping.counter: 0
wandb: 	training.early_stopping.patience: 5
wandb: 	training.epochs: 40
wandb: 	training.learning_rate: 0.006607323750318187
wandb: 	training.optimizer: rmsprop
wandb: WARNING Ignoring project 'bioresponse-mlp' when running a sweep.
wandb: WARNING Ignoring entity 'xmajercik-fiit-stu' when running a sweep.
wandb: Tracking run with wandb version 0.22.3
wandb: Run data is saved locally in /Users/tomasmajercik/School/5_semester/ZNEUS/project1/wandb/run-20251109_155658-1zvhbcfd
wandb: Run `wandb offline` to turn off syncing.
wandb: Syncing run zany-sweep-11
wandb: ⭐️ View project at https://wandb.ai/xmajercik-fiit-stu/bioresponse-mlp
wandb: 🧹 View sweep at https://wandb.ai/xmajercik-fiit-stu/bioresponse-mlp/sweeps/1cfqgjo7
wandb: 🚀 View run at https://wandb.ai/xmajercik-fiit-stu/bioresponse-mlp/runs/1zvhbcfd
wandb: updating run metadata; uploading artifact run-1zvhbcfd-final_conf_mat_table
wandb: uploading artifact run-1zvhbcfd-final_conf_mat_table; uploading output.log; uploading wandb-summary.json; uploading config.yaml
wandb: uploading artifact run-1zvhbcfd-final_conf_mat_table
wandb: uploading history steps 1-17, summary, console lines 0-4
wandb: 
wandb: Run history:
wandb:        epoch ▁▁▂▂▃▃▄▄▅▅▅▆▆▇▇██
wandb:   train_loss █▂▁▁▁▁▁▁▁▁▁▁▁▁▁▁▁
wandb: val_accuracy ▁▁▁▁▁▁▁█▁▁▁▁▁▁▁▁█
wandb:       val_f1 ▁▁▁▁▁▁▁█▁▁▁▁▁▁▁▁█
wandb:     val_loss █▂▂▂▂▂▂▁▂▁▂▁▂▁▁▁▂
wandb: 
wandb: Run summary:
wandb:        epoch 17
wandb:   train_loss 1.00917
wandb: val_accuracy 0.46133
wandb:       val_f1 0.0098
wandb:     val_loss 1.12394
wandb: 
wandb: 🚀 View run run_lr0.0066_bs256_optrmsprop at: https://wandb.ai/xmajercik-fiit-stu/bioresponse-mlp/runs/1zvhbcfd
wandb: ⭐️ View project at: https://wandb.ai/xmajercik-fiit-stu/bioresponse-mlp
wandb: Synced 5 W&B file(s), 1 media file(s), 2 artifact file(s) and 0 other file(s)
wandb: Find logs at: ./wandb/run-20251109_155658-1zvhbcfd/logs
wandb: Agent Starting Run: jgz9xws5 with config:
wandb: 	model.activation: relu
wandb: 	model.batch_norm: False
wandb: 	model.dropout: 0.5
wandb: 	model.hidden_layers: [512]
wandb: 	training.batch_size: 64
wandb: 	training.early_stopping.counter: 0
wandb: 	training.early_stopping.patience: 8
wandb: 	training.epochs: 40
wandb: 	training.learning_rate: 0.00010746406354602903
wandb: 	training.optimizer: adam
wandb: WARNING Ignoring project 'bioresponse-mlp' when running a sweep.
wandb: WARNING Ignoring entity 'xmajercik-fiit-stu' when running a sweep.
wandb: Tracking run with wandb version 0.22.3
wandb: Run data is saved locally in /Users/tomasmajercik/School/5_semester/ZNEUS/project1/wandb/run-20251109_155703-jgz9xws5
wandb: Run `wandb offline` to turn off syncing.
wandb: Syncing run twilight-sweep-12
wandb: ⭐️ View project at https://wandb.ai/xmajercik-fiit-stu/bioresponse-mlp
wandb: 🧹 View sweep at https://wandb.ai/xmajercik-fiit-stu/bioresponse-mlp/sweeps/1cfqgjo7
wandb: 🚀 View run at https://wandb.ai/xmajercik-fiit-stu/bioresponse-mlp/runs/jgz9xws5
wandb: updating run metadata; uploading artifact run-jgz9xws5-final_conf_mat_table
wandb: uploading artifact run-jgz9xws5-final_conf_mat_table; uploading media/table/final_conf_mat_table_9_e2c1bb09c44a759d0c4f.table.json; uploading wandb-summary.json; uploading config.yaml
wandb: uploading artifact run-jgz9xws5-final_conf_mat_table
wandb: uploading history steps 1-9, summary, console lines 0-3
wandb: 
wandb: Run history:
wandb:        epoch ▁▂▃▄▅▅▆▇█
wandb:   train_loss ▁▃▅██▆▇▇▆
wandb: val_accuracy ███████▁▁
wandb:       val_f1 ███████▁▁
wandb:     val_loss ▁▁█████▆▇
wandb: 
wandb: Run summary:
wandb:        epoch 9
wandb:   train_loss 39.70424
wandb: val_accuracy 0.53867
wandb:       val_f1 0.70017
wandb:     val_loss 43.8823
wandb: 
wandb: 🚀 View run run_lr0.0001_bs64_optadam at: https://wandb.ai/xmajercik-fiit-stu/bioresponse-mlp/runs/jgz9xws5
wandb: ⭐️ View project at: https://wandb.ai/xmajercik-fiit-stu/bioresponse-mlp
wandb: Synced 5 W&B file(s), 1 media file(s), 2 artifact file(s) and 0 other file(s)
wandb: Find logs at: ./wandb/run-20251109_155703-jgz9xws5/logs
wandb: Agent Starting Run: uezps9cz with config:
wandb: 	model.activation: relu
wandb: 	model.batch_norm: True
wandb: 	model.dropout: 0.3
wandb: 	model.hidden_layers: [512, 256, 128, 64]
wandb: 	training.batch_size: 256
wandb: 	training.early_stopping.counter: 0
wandb: 	training.early_stopping.patience: 8
wandb: 	training.epochs: 40
wandb: 	training.learning_rate: 0.0023301104383678865
wandb: 	training.optimizer: sgd
wandb: WARNING Ignoring project 'bioresponse-mlp' when running a sweep.
wandb: WARNING Ignoring entity 'xmajercik-fiit-stu' when running a sweep.
wandb: Tracking run with wandb version 0.22.3
wandb: Run data is saved locally in /Users/tomasmajercik/School/5_semester/ZNEUS/project1/wandb/run-20251109_155708-uezps9cz
wandb: Run `wandb offline` to turn off syncing.
wandb: Syncing run dauntless-sweep-13
wandb: ⭐️ View project at https://wandb.ai/xmajercik-fiit-stu/bioresponse-mlp
wandb: 🧹 View sweep at https://wandb.ai/xmajercik-fiit-stu/bioresponse-mlp/sweeps/1cfqgjo7
wandb: 🚀 View run at https://wandb.ai/xmajercik-fiit-stu/bioresponse-mlp/runs/uezps9cz
wandb: updating run metadata; uploading artifact run-uezps9cz-final_conf_mat_table
wandb: uploading artifact run-uezps9cz-final_conf_mat_table; uploading output.log; uploading wandb-summary.json; uploading config.yaml
wandb: uploading artifact run-uezps9cz-final_conf_mat_table
wandb: uploading history steps 0-40, summary, console lines 0-6
wandb: 
wandb: Run history:
wandb:        epoch ▁▁▁▂▂▂▂▂▂▃▃▃▃▃▄▄▄▄▄▄▅▅▅▅▅▅▆▆▆▆▆▇▇▇▇▇▇███
wandb:   train_loss █▇▆▆▅▅▄▃▃▃▃▃▄▂▃▃▂▂▂▃▂▂▃▂▂▃▃▂▂▁▂▂▂▂▂▂▂▂▂▂
wandb: val_accuracy ▁▁▁▁▁▁▁▁▂▄▅▆▇▆▅▅▆▅▆▆▇█▆▇█▆▇▇▆▇▇▇████▇█▇█
wandb:       val_f1 ▁▁▁▁▁▁▁▁▂▄▅▅▆▆▆▆▆▆▇▇▇▇▇▇▇▇██▇███████████
wandb:     val_loss ▅▆▇█▆▅▇▅▅▄▄▃▃▃▃▃▃▂▂▂▂▂▂▂▂▂▁▁▁▁▁▁▁▁▁▁▁▁▁▁
wandb: 
wandb: Run summary:
wandb:        epoch 40
wandb:   train_loss 0.70129
wandb: val_accuracy 0.53333
wandb:       val_f1 0.5977
wandb:     val_loss 0.68873
wandb: 
wandb: 🚀 View run run_lr0.0023_bs256_optsgd at: https://wandb.ai/xmajercik-fiit-stu/bioresponse-mlp/runs/uezps9cz
wandb: ⭐️ View project at: https://wandb.ai/xmajercik-fiit-stu/bioresponse-mlp
wandb: Synced 5 W&B file(s), 1 media file(s), 2 artifact file(s) and 0 other file(s)
wandb: Find logs at: ./wandb/run-20251109_155708-uezps9cz/logs
wandb: Agent Starting Run: ios49uwc with config:
wandb: 	model.activation: tanh
wandb: 	model.batch_norm: True
wandb: 	model.dropout: 0.3
wandb: 	model.hidden_layers: [128, 256]
wandb: 	training.batch_size: 128
wandb: 	training.early_stopping.counter: 0
wandb: 	training.early_stopping.patience: 3
wandb: 	training.epochs: 40
wandb: 	training.learning_rate: 0.0011989712927996908
wandb: 	training.optimizer: sgd
wandb: WARNING Ignoring project 'bioresponse-mlp' when running a sweep.
wandb: WARNING Ignoring entity 'xmajercik-fiit-stu' when running a sweep.
wandb: Tracking run with wandb version 0.22.3
wandb: Run data is saved locally in /Users/tomasmajercik/School/5_semester/ZNEUS/project1/wandb/run-20251109_155719-ios49uwc
wandb: Run `wandb offline` to turn off syncing.
wandb: Syncing run swift-sweep-14
wandb: ⭐️ View project at https://wandb.ai/xmajercik-fiit-stu/bioresponse-mlp
wandb: 🧹 View sweep at https://wandb.ai/xmajercik-fiit-stu/bioresponse-mlp/sweeps/1cfqgjo7
wandb: 🚀 View run at https://wandb.ai/xmajercik-fiit-stu/bioresponse-mlp/runs/ios49uwc
wandb: updating run metadata; uploading artifact run-ios49uwc-final_conf_mat_table
wandb: uploading artifact run-ios49uwc-final_conf_mat_table; uploading media/table/final_conf_mat_table_14_a9a5bb3a3c223925639e.table.json; uploading wandb-summary.json; uploading config.yaml
wandb: uploading artifact run-ios49uwc-final_conf_mat_table
wandb: uploading history steps 0-14, summary, console lines 0-4
wandb: 
wandb: Run history:
wandb:        epoch ▁▂▂▃▃▄▄▅▅▆▆▇▇█
wandb:   train_loss █▇▇▂▄▁▇▅▄▇▁▃▃▄
wandb: val_accuracy ▁▁▁▂▂▅▄▄▅▆█▅▆▆
wandb:       val_f1 ▃▁▄▄▅▆▆▆▆▇█▆▇▇
wandb:     val_loss ▅█▄▅▄▃▂▃▃▂▁▃▃▂
wandb: 
wandb: Run summary:
wandb:        epoch 14
wandb:   train_loss 0.70585
wandb: val_accuracy 0.52533
wandb:       val_f1 0.57416
wandb:     val_loss 0.69199
wandb: 
wandb: 🚀 View run run_lr0.0012_bs128_optsgd at: https://wandb.ai/xmajercik-fiit-stu/bioresponse-mlp/runs/ios49uwc
wandb: ⭐️ View project at: https://wandb.ai/xmajercik-fiit-stu/bioresponse-mlp
wandb: Synced 5 W&B file(s), 1 media file(s), 2 artifact file(s) and 0 other file(s)
wandb: Find logs at: ./wandb/run-20251109_155719-ios49uwc/logs
wandb: Agent Starting Run: qij33ua9 with config:
wandb: 	model.activation: relu
wandb: 	model.batch_norm: True
wandb: 	model.dropout: 0.2
wandb: 	model.hidden_layers: [512, 256, 128, 64]
wandb: 	training.batch_size: 64
wandb: 	training.early_stopping.counter: 0
wandb: 	training.early_stopping.patience: 3
wandb: 	training.epochs: 40
wandb: 	training.learning_rate: 0.00019783759817880596
wandb: 	training.optimizer: adamw
wandb: WARNING Ignoring project 'bioresponse-mlp' when running a sweep.
wandb: WARNING Ignoring entity 'xmajercik-fiit-stu' when running a sweep.
wandb: setting up run qij33ua9
wandb: Tracking run with wandb version 0.22.3
wandb: Run data is saved locally in /Users/tomasmajercik/School/5_semester/ZNEUS/project1/wandb/run-20251109_155724-qij33ua9
wandb: Run `wandb offline` to turn off syncing.
wandb: Syncing run breezy-sweep-15
wandb: ⭐️ View project at https://wandb.ai/xmajercik-fiit-stu/bioresponse-mlp
wandb: 🧹 View sweep at https://wandb.ai/xmajercik-fiit-stu/bioresponse-mlp/sweeps/1cfqgjo7
wandb: 🚀 View run at https://wandb.ai/xmajercik-fiit-stu/bioresponse-mlp/runs/qij33ua9
wandb: updating run metadata; uploading artifact run-qij33ua9-final_conf_mat_table
wandb: uploading artifact run-qij33ua9-final_conf_mat_table; uploading wandb-summary.json; uploading media/table/final_conf_mat_table_9_4a5dfa97792b287a3137.table.json; uploading config.yaml
wandb: uploading artifact run-qij33ua9-final_conf_mat_table
wandb: uploading history steps 1-9, summary, console lines 0-3
wandb: 
wandb: Run history:
wandb:        epoch ▁▂▃▄▅▅▆▇█
wandb:   train_loss █▇▇▆▅▄▂▁▁
wandb: val_accuracy ▂▂▃▂▃█▁▄▂
wandb:       val_f1 ▇▇▆▇▇█▁█▇
wandb:     val_loss ▂▂▂▂▂▁▃█▄
wandb: 
wandb: Run summary:
wandb:        epoch 9
wandb:   train_loss 0.63478
wandb: val_accuracy 0.54133
wandb:       val_f1 0.70242
wandb:     val_loss 0.74676
wandb: 
wandb: 🚀 View run run_lr0.0002_bs64_optadamw at: https://wandb.ai/xmajercik-fiit-stu/bioresponse-mlp/runs/qij33ua9
wandb: ⭐️ View project at: https://wandb.ai/xmajercik-fiit-stu/bioresponse-mlp
wandb: Synced 5 W&B file(s), 1 media file(s), 2 artifact file(s) and 0 other file(s)
wandb: Find logs at: ./wandb/run-20251109_155724-qij33ua9/logs
wandb: Agent Starting Run: cwjqpsok with config:
wandb: 	model.activation: tanh
wandb: 	model.batch_norm: False
wandb: 	model.dropout: 0.5
wandb: 	model.hidden_layers: [128, 256]
wandb: 	training.batch_size: 128
wandb: 	training.early_stopping.counter: 0
wandb: 	training.early_stopping.patience: 3
wandb: 	training.epochs: 40
wandb: 	training.learning_rate: 0.007206890784253786
wandb: 	training.optimizer: adamw
wandb: WARNING Ignoring project 'bioresponse-mlp' when running a sweep.
wandb: WARNING Ignoring entity 'xmajercik-fiit-stu' when running a sweep.
wandb: Tracking run with wandb version 0.22.3
wandb: Run data is saved locally in /Users/tomasmajercik/School/5_semester/ZNEUS/project1/wandb/run-20251109_155735-cwjqpsok
wandb: Run `wandb offline` to turn off syncing.
wandb: Syncing run vital-sweep-16
wandb: ⭐️ View project at https://wandb.ai/xmajercik-fiit-stu/bioresponse-mlp
wandb: 🧹 View sweep at https://wandb.ai/xmajercik-fiit-stu/bioresponse-mlp/sweeps/1cfqgjo7
wandb: 🚀 View run at https://wandb.ai/xmajercik-fiit-stu/bioresponse-mlp/runs/cwjqpsok
wandb: updating run metadata; uploading artifact run-cwjqpsok-final_conf_mat_table
wandb: uploading artifact run-cwjqpsok-final_conf_mat_table; uploading output.log; uploading wandb-summary.json; uploading config.yaml
wandb: uploading artifact run-cwjqpsok-final_conf_mat_table
wandb: 
wandb: Run history:
wandb:        epoch ▁▂▂▃▄▅▅▆▇▇█
wandb:   train_loss █▃▅▁▃▃▃▁▁▂▂
wandb: val_accuracy ███▁▁▁███▁█
wandb:       val_f1 ███▁▁▁███▁█
wandb:     val_loss ▁█▁▇▃█▁▁▂▂▁
wandb: 
wandb: Run summary:
wandb:        epoch 11
wandb:   train_loss 0.70882
wandb: val_accuracy 0.54133
wandb:       val_f1 0.70242
wandb:     val_loss 0.68963
wandb: 
wandb: 🚀 View run run_lr0.0072_bs128_optadamw at: https://wandb.ai/xmajercik-fiit-stu/bioresponse-mlp/runs/cwjqpsok
wandb: ⭐️ View project at: https://wandb.ai/xmajercik-fiit-stu/bioresponse-mlp
wandb: Synced 5 W&B file(s), 1 media file(s), 2 artifact file(s) and 0 other file(s)
wandb: Find logs at: ./wandb/run-20251109_155735-cwjqpsok/logs
wandb: Agent Starting Run: pwjwaron with config:
wandb: 	model.activation: relu
wandb: 	model.batch_norm: False
wandb: 	model.dropout: 0.2
wandb: 	model.hidden_layers: [128, 128, 64, 128, 64]
wandb: 	training.batch_size: 64
wandb: 	training.early_stopping.counter: 0
wandb: 	training.early_stopping.patience: 5
wandb: 	training.epochs: 40
wandb: 	training.learning_rate: 0.00024766839851088086
wandb: 	training.optimizer: adamw
wandb: WARNING Ignoring project 'bioresponse-mlp' when running a sweep.
wandb: WARNING Ignoring entity 'xmajercik-fiit-stu' when running a sweep.
wandb: Tracking run with wandb version 0.22.3
wandb: Run data is saved locally in /Users/tomasmajercik/School/5_semester/ZNEUS/project1/wandb/run-20251109_155740-pwjwaron
wandb: Run `wandb offline` to turn off syncing.
wandb: Syncing run efficient-sweep-17
wandb: ⭐️ View project at https://wandb.ai/xmajercik-fiit-stu/bioresponse-mlp
wandb: 🧹 View sweep at https://wandb.ai/xmajercik-fiit-stu/bioresponse-mlp/sweeps/1cfqgjo7
wandb: 🚀 View run at https://wandb.ai/xmajercik-fiit-stu/bioresponse-mlp/runs/pwjwaron
wandb: updating run metadata; uploading artifact run-pwjwaron-final_conf_mat_table
wandb: uploading artifact run-pwjwaron-final_conf_mat_table; uploading output.log; uploading wandb-summary.json; uploading config.yaml
wandb: uploading artifact run-pwjwaron-final_conf_mat_table; uploading wandb-summary.json
wandb: uploading artifact run-pwjwaron-final_conf_mat_table
wandb: uploading history steps 0-22, summary, console lines 0-5
wandb: 
wandb: Run history:
wandb:        epoch ▁▁▂▂▂▃▃▃▄▄▄▅▅▅▆▆▆▇▇▇██
wandb:   train_loss █▂▁▁▁▁▁▁▁▁▁▁▁▁▁▁▁▁▁▁▁▁
wandb: val_accuracy ▁▆▁▂▆▆▆▆▇▇▆▇▇▆▇▇█▆▆███
wandb:       val_f1 ▁▇▁▁▇▇▇▇█▇▇█▇█████████
wandb:     val_loss █▂▄▃▂▂▂▂▁▂▂▁▂▁▁▁▁▁▁▁▁▁
wandb: 
wandb: Run summary:
wandb:        epoch 22
wandb:   train_loss 0.69318
wandb: val_accuracy 0.52533
wandb:       val_f1 0.66914
wandb:     val_loss 0.69222
wandb: 
wandb: 🚀 View run run_lr0.0002_bs64_optadamw at: https://wandb.ai/xmajercik-fiit-stu/bioresponse-mlp/runs/pwjwaron
wandb: ⭐️ View project at: https://wandb.ai/xmajercik-fiit-stu/bioresponse-mlp
wandb: Synced 5 W&B file(s), 1 media file(s), 2 artifact file(s) and 0 other file(s)
wandb: Find logs at: ./wandb/run-20251109_155740-pwjwaron/logs
wandb: Agent Starting Run: n8cxbi3q with config:
wandb: 	model.activation: relu
wandb: 	model.batch_norm: True
wandb: 	model.dropout: 0.5
wandb: 	model.hidden_layers: [512]
wandb: 	training.batch_size: 128
wandb: 	training.early_stopping.counter: 0
wandb: 	training.early_stopping.patience: 8
wandb: 	training.epochs: 40
wandb: 	training.learning_rate: 0.006764784256757429
wandb: 	training.optimizer: adam
wandb: WARNING Ignoring project 'bioresponse-mlp' when running a sweep.
wandb: WARNING Ignoring entity 'xmajercik-fiit-stu' when running a sweep.
wandb: Tracking run with wandb version 0.22.3
wandb: Run data is saved locally in /Users/tomasmajercik/School/5_semester/ZNEUS/project1/wandb/run-20251109_155750-n8cxbi3q
wandb: Run `wandb offline` to turn off syncing.
wandb: Syncing run kind-sweep-18
wandb: ⭐️ View project at https://wandb.ai/xmajercik-fiit-stu/bioresponse-mlp
wandb: 🧹 View sweep at https://wandb.ai/xmajercik-fiit-stu/bioresponse-mlp/sweeps/1cfqgjo7
wandb: 🚀 View run at https://wandb.ai/xmajercik-fiit-stu/bioresponse-mlp/runs/n8cxbi3q
wandb: updating run metadata; uploading artifact run-n8cxbi3q-final_conf_mat_table
wandb: uploading artifact run-n8cxbi3q-final_conf_mat_table; uploading media/table/final_conf_mat_table_9_578f93da10489d06b464.table.json; uploading output.log; uploading config.yaml
wandb: uploading artifact run-n8cxbi3q-final_conf_mat_table
wandb: uploading history steps 1-9, summary, console lines 0-3
wandb: 
wandb: Run history:
wandb:        epoch ▁▂▃▄▅▅▆▇█
wandb:   train_loss █▁▂▂▁▂▂▂▂
wandb: val_accuracy █▄▄▄▄▅▄▄▁
wandb:       val_f1 ███▇████▁
wandb:     val_loss ▁█▃▄▃▆▇▃▂
wandb: 
wandb: Run summary:
wandb:        epoch 9
wandb:   train_loss 0.70422
wandb: val_accuracy 0.50133
wandb:       val_f1 0.33452
wandb:     val_loss 0.69365
wandb: 
wandb: 🚀 View run run_lr0.0068_bs128_optadam at: https://wandb.ai/xmajercik-fiit-stu/bioresponse-mlp/runs/n8cxbi3q
wandb: ⭐️ View project at: https://wandb.ai/xmajercik-fiit-stu/bioresponse-mlp
wandb: Synced 5 W&B file(s), 1 media file(s), 2 artifact file(s) and 0 other file(s)
wandb: Find logs at: ./wandb/run-20251109_155750-n8cxbi3q/logs
wandb: Agent Starting Run: qp490a52 with config:
wandb: 	model.activation: relu
wandb: 	model.batch_norm: True
wandb: 	model.dropout: 0.5
wandb: 	model.hidden_layers: [256, 128, 64]
wandb: 	training.batch_size: 64
wandb: 	training.early_stopping.counter: 0
wandb: 	training.early_stopping.patience: 3
wandb: 	training.epochs: 40
wandb: 	training.learning_rate: 0.0003515414072017243
wandb: 	training.optimizer: rmsprop
wandb: WARNING Ignoring project 'bioresponse-mlp' when running a sweep.
wandb: WARNING Ignoring entity 'xmajercik-fiit-stu' when running a sweep.
wandb: Tracking run with wandb version 0.22.3
wandb: Run data is saved locally in /Users/tomasmajercik/School/5_semester/ZNEUS/project1/wandb/run-20251109_155756-qp490a52
wandb: Run `wandb offline` to turn off syncing.
wandb: Syncing run glamorous-sweep-19
wandb: ⭐️ View project at https://wandb.ai/xmajercik-fiit-stu/bioresponse-mlp
wandb: 🧹 View sweep at https://wandb.ai/xmajercik-fiit-stu/bioresponse-mlp/sweeps/1cfqgjo7
wandb: 🚀 View run at https://wandb.ai/xmajercik-fiit-stu/bioresponse-mlp/runs/qp490a52
wandb: uploading artifact run-qp490a52-final_conf_mat_table; updating run metadata
wandb: uploading artifact run-qp490a52-final_conf_mat_table; uploading output.log; uploading wandb-summary.json; uploading config.yaml
wandb: uploading artifact run-qp490a52-final_conf_mat_table; uploading wandb-summary.json
wandb: uploading history steps 1-37, summary, console lines 0-6
wandb: 
wandb: Run history:
wandb:        epoch ▁▁▁▂▂▂▂▂▃▃▃▃▃▄▄▄▄▄▅▅▅▅▅▅▆▆▆▆▆▇▇▇▇▇███
wandb:   train_loss █▇█▇▇▇▇▆▇▇▇▇▆▆▆▆▆▅▅▄▄▄▃▃▂▃▂▂▂▂▁▂▂▂▁▁▁
wandb: val_accuracy ▂▂▂▂▂▂▂▂▂▂▂▂▃▁▂▅▂▃▅▃▅▅▃▅▇▄▄▅▆▄▆███▄█▇
wandb:       val_f1 ▆▆▇▇▆▇▇▇▆▇▆▇▇▁▇▇▇▇▇▇█▇▇▇▇▄▇█▆▇████▇█▇
wandb:     val_loss ▆▆▆▆▆▆▆▆▆▆▆▆▆▆▆▆▆▅▄▅▄▄█▄▃▄▇▃▃▃▃▂▂▁▃▁▂
wandb: 
wandb: Run summary:
wandb:        epoch 37
wandb:   train_loss 0.60256
wandb: val_accuracy 0.69333
wandb:       val_f1 0.68144
wandb:     val_loss 0.60897
wandb: 
wandb: 🚀 View run run_lr0.0004_bs64_optrmsprop at: https://wandb.ai/xmajercik-fiit-stu/bioresponse-mlp/runs/qp490a52
wandb: ⭐️ View project at: https://wandb.ai/xmajercik-fiit-stu/bioresponse-mlp
wandb: Synced 5 W&B file(s), 1 media file(s), 2 artifact file(s) and 0 other file(s)
wandb: Find logs at: ./wandb/run-20251109_155756-qp490a52/logs
wandb: Agent Starting Run: c9netzol with config:
wandb: 	model.activation: tanh
wandb: 	model.batch_norm: False
wandb: 	model.dropout: 0.3
wandb: 	model.hidden_layers: [128, 128, 64, 128, 64]
wandb: 	training.batch_size: 64
wandb: 	training.early_stopping.counter: 0
wandb: 	training.early_stopping.patience: 3
wandb: 	training.epochs: 40
wandb: 	training.learning_rate: 0.016392834669119356
wandb: 	training.optimizer: adam
wandb: WARNING Ignoring project 'bioresponse-mlp' when running a sweep.
wandb: WARNING Ignoring entity 'xmajercik-fiit-stu' when running a sweep.
wandb: Tracking run with wandb version 0.22.3
wandb: Run data is saved locally in /Users/tomasmajercik/School/5_semester/ZNEUS/project1/wandb/run-20251109_155806-c9netzol
wandb: Run `wandb offline` to turn off syncing.
wandb: Syncing run super-sweep-20
wandb: ⭐️ View project at https://wandb.ai/xmajercik-fiit-stu/bioresponse-mlp
wandb: 🧹 View sweep at https://wandb.ai/xmajercik-fiit-stu/bioresponse-mlp/sweeps/1cfqgjo7
wandb: 🚀 View run at https://wandb.ai/xmajercik-fiit-stu/bioresponse-mlp/runs/c9netzol
wandb: updating run metadata; uploading artifact run-c9netzol-final_conf_mat_table
wandb: uploading artifact run-c9netzol-final_conf_mat_table; uploading media/table/final_conf_mat_table_9_380c924e57f91af4429a.table.json; uploading output.log; uploading wandb-summary.json; uploading config.yaml
wandb: uploading artifact run-c9netzol-final_conf_mat_table
wandb: uploading history steps 1-9, summary, console lines 0-3
wandb: 
wandb: Run history:
wandb:        epoch ▁▂▃▄▅▅▆▇█
wandb:   train_loss ▇█▃█▄▄▃▂▁
wandb: val_accuracy ███████▁█
wandb:       val_f1 ███████▁█
wandb:     val_loss █▂▁▄▁▁▃▂▁
wandb: 
wandb: Run summary:
wandb:        epoch 9
wandb:   train_loss 0.69735
wandb: val_accuracy 0.54133
wandb:       val_f1 0.70242
wandb:     val_loss 0.69036
wandb: 
wandb: 🚀 View run run_lr0.0164_bs64_optadam at: https://wandb.ai/xmajercik-fiit-stu/bioresponse-mlp/runs/c9netzol
wandb: ⭐️ View project at: https://wandb.ai/xmajercik-fiit-stu/bioresponse-mlp
wandb: Synced 5 W&B file(s), 1 media file(s), 2 artifact file(s) and 0 other file(s)
wandb: Find logs at: ./wandb/run-20251109_155806-c9netzol/logs
wandb: Agent Starting Run: vmxwqec9 with config:
wandb: 	model.activation: relu
wandb: 	model.batch_norm: False
wandb: 	model.dropout: 0.3
wandb: 	model.hidden_layers: [128, 128, 64, 128, 64]
wandb: 	training.batch_size: 64
wandb: 	training.early_stopping.counter: 0
wandb: 	training.early_stopping.patience: 8
wandb: 	training.epochs: 40
wandb: 	training.learning_rate: 0.001108556015937794
wandb: 	training.optimizer: adamw
wandb: WARNING Ignoring project 'bioresponse-mlp' when running a sweep.
wandb: WARNING Ignoring entity 'xmajercik-fiit-stu' when running a sweep.
wandb: Tracking run with wandb version 0.22.3
wandb: Run data is saved locally in /Users/tomasmajercik/School/5_semester/ZNEUS/project1/wandb/run-20251109_155812-vmxwqec9
wandb: Run `wandb offline` to turn off syncing.
wandb: Syncing run polished-sweep-21
wandb: ⭐️ View project at https://wandb.ai/xmajercik-fiit-stu/bioresponse-mlp
wandb: 🧹 View sweep at https://wandb.ai/xmajercik-fiit-stu/bioresponse-mlp/sweeps/1cfqgjo7
wandb: 🚀 View run at https://wandb.ai/xmajercik-fiit-stu/bioresponse-mlp/runs/vmxwqec9
wandb: updating run metadata; uploading artifact run-vmxwqec9-final_conf_mat_table
wandb: uploading artifact run-vmxwqec9-final_conf_mat_table; uploading output.log; uploading wandb-summary.json; uploading config.yaml
wandb: uploading artifact run-vmxwqec9-final_conf_mat_table; uploading wandb-summary.json
wandb: uploading artifact run-vmxwqec9-final_conf_mat_table
wandb: uploading history steps 0-33, summary, console lines 0-6
wandb: 
wandb: Run history:
wandb:        epoch ▁▁▁▂▂▂▂▃▃▃▃▃▄▄▄▄▅▅▅▅▅▆▆▆▆▆▇▇▇▇███
wandb:   train_loss █▂▁▁▁▁▁▁▁▁▁▁▁▁▁▁▁▁▁▁▁▁▁▁▁▁▁▁▁▁▁▁▁
wandb: val_accuracy ▁▁▁▁▁▁▁▁▁▁▁▁▁▁▁▁▁▁▁▁▁▁▁▁▁▁▁▁▁▁▁▁▁
wandb:       val_f1 ▁▁▁▁▁▁▁▁▁▁▁▁▁▁▁▁▁▁▁▁▁▁▁▁▁▁▁▁▁▁▁▁▁
wandb:     val_loss █▇▅▅▅▅▆▄▃▃▄▃▂▂▂▂▂▂▃▃▃▂▂▂▁▂▂▂▃▂▂▂▄
wandb: 
wandb: Run summary:
wandb:        epoch 33
wandb:   train_loss 0.69132
wandb: val_accuracy 0.54133
wandb:       val_f1 0.70242
wandb:     val_loss 0.68975
wandb: 
wandb: 🚀 View run run_lr0.0011_bs64_optadamw at: https://wandb.ai/xmajercik-fiit-stu/bioresponse-mlp/runs/vmxwqec9
wandb: ⭐️ View project at: https://wandb.ai/xmajercik-fiit-stu/bioresponse-mlp
wandb: Synced 5 W&B file(s), 1 media file(s), 2 artifact file(s) and 0 other file(s)
wandb: Find logs at: ./wandb/run-20251109_155812-vmxwqec9/logs
wandb: Agent Starting Run: 6ih0ahlg with config:
wandb: 	model.activation: relu
wandb: 	model.batch_norm: True
wandb: 	model.dropout: 0.3
wandb: 	model.hidden_layers: [512]
wandb: 	training.batch_size: 64
wandb: 	training.early_stopping.counter: 0
wandb: 	training.early_stopping.patience: 5
wandb: 	training.epochs: 40
wandb: 	training.learning_rate: 0.0014491239513070126
wandb: 	training.optimizer: sgd
wandb: WARNING Ignoring project 'bioresponse-mlp' when running a sweep.
wandb: WARNING Ignoring entity 'xmajercik-fiit-stu' when running a sweep.
wandb: Tracking run with wandb version 0.22.3
wandb: Run data is saved locally in /Users/tomasmajercik/School/5_semester/ZNEUS/project1/wandb/run-20251109_155822-6ih0ahlg
wandb: Run `wandb offline` to turn off syncing.
wandb: Syncing run fearless-sweep-22
wandb: ⭐️ View project at https://wandb.ai/xmajercik-fiit-stu/bioresponse-mlp
wandb: 🧹 View sweep at https://wandb.ai/xmajercik-fiit-stu/bioresponse-mlp/sweeps/1cfqgjo7
wandb: 🚀 View run at https://wandb.ai/xmajercik-fiit-stu/bioresponse-mlp/runs/6ih0ahlg
wandb: updating run metadata; uploading artifact run-6ih0ahlg-final_conf_mat_table; uploading wandb-metadata.json
wandb: uploading artifact run-6ih0ahlg-final_conf_mat_table; uploading media/table/final_conf_mat_table_15_380c924e57f91af4429a.table.json; uploading output.log; uploading wandb-summary.json; uploading config.yaml
wandb: uploading artifact run-6ih0ahlg-final_conf_mat_table
wandb: uploading history steps 0-15, summary, console lines 0-4
wandb: 
wandb: Run history:
wandb:        epoch ▁▁▂▃▃▃▄▅▅▅▆▇▇▇█
wandb:   train_loss █▂▁▇▄▃▆▄▃▃▃▄▃▃▄
wandb: val_accuracy ▄▃▁▇███▁▅██████
wandb:       val_f1 ▇▂▁████▆▇██████
wandb:     val_loss ▃▄█▂▂▁▂▃▃▁▁▂▂▁▁
wandb: 
wandb: Run summary:
wandb:        epoch 15
wandb:   train_loss 0.69871
wandb: val_accuracy 0.54133
wandb:       val_f1 0.70242
wandb:     val_loss 0.69011
wandb: 
wandb: 🚀 View run run_lr0.0014_bs64_optsgd at: https://wandb.ai/xmajercik-fiit-stu/bioresponse-mlp/runs/6ih0ahlg
wandb: ⭐️ View project at: https://wandb.ai/xmajercik-fiit-stu/bioresponse-mlp
wandb: Synced 5 W&B file(s), 1 media file(s), 2 artifact file(s) and 0 other file(s)
wandb: Find logs at: ./wandb/run-20251109_155822-6ih0ahlg/logs
wandb: Sweep Agent: Waiting for job.
wandb: Job received.
wandb: Agent Starting Run: qds7p8q0 with config:
wandb: 	model.activation: relu
wandb: 	model.batch_norm: True
wandb: 	model.dropout: 0.3
wandb: 	model.hidden_layers: [128, 128, 64, 128, 64]
wandb: 	training.batch_size: 64
wandb: 	training.early_stopping.counter: 0
wandb: 	training.early_stopping.patience: 8
wandb: 	training.epochs: 40
wandb: 	training.learning_rate: 0.0001139374763731259
wandb: 	training.optimizer: sgd
wandb: WARNING Ignoring project 'bioresponse-mlp' when running a sweep.
wandb: WARNING Ignoring entity 'xmajercik-fiit-stu' when running a sweep.
wandb: Tracking run with wandb version 0.22.3
wandb: Run data is saved locally in /Users/tomasmajercik/School/5_semester/ZNEUS/project1/wandb/run-20251109_155837-qds7p8q0
wandb: Run `wandb offline` to turn off syncing.
wandb: Syncing run fast-sweep-23
wandb: ⭐️ View project at https://wandb.ai/xmajercik-fiit-stu/bioresponse-mlp
wandb: 🧹 View sweep at https://wandb.ai/xmajercik-fiit-stu/bioresponse-mlp/sweeps/1cfqgjo7
wandb: 🚀 View run at https://wandb.ai/xmajercik-fiit-stu/bioresponse-mlp/runs/qds7p8q0
wandb: updating run metadata; uploading artifact run-qds7p8q0-final_conf_mat_table
wandb: uploading artifact run-qds7p8q0-final_conf_mat_table; uploading output.log; uploading wandb-summary.json
wandb: uploading artifact run-qds7p8q0-final_conf_mat_table
wandb: uploading history steps 0-10, summary, console lines 0-4
wandb: 
wandb: Run history:
wandb:        epoch ▁▂▃▃▄▅▆▆▇█
wandb:   train_loss ▃▁▄█▂▃▆▂▇▅
wandb: val_accuracy ▁▁▁▁▁▁▁▁▁▁
wandb:       val_f1 ▁▁▁▁▁▁▁▁▁▁
wandb:     val_loss █▁▇▆▂▇▅▇▃▃
wandb: 
wandb: Run summary:
wandb:        epoch 10
wandb:   train_loss 0.7138
wandb: val_accuracy 0.54133
wandb:       val_f1 0.70242
wandb:     val_loss 0.69205
wandb: 
wandb: 🚀 View run run_lr0.0001_bs64_optsgd at: https://wandb.ai/xmajercik-fiit-stu/bioresponse-mlp/runs/qds7p8q0
wandb: ⭐️ View project at: https://wandb.ai/xmajercik-fiit-stu/bioresponse-mlp
wandb: Synced 5 W&B file(s), 1 media file(s), 2 artifact file(s) and 0 other file(s)
wandb: Find logs at: ./wandb/run-20251109_155837-qds7p8q0/logs
wandb: Agent Starting Run: k33kgvek with config:
wandb: 	model.activation: tanh
wandb: 	model.batch_norm: True
wandb: 	model.dropout: 0.2
wandb: 	model.hidden_layers: [128, 128, 64, 128, 64]
wandb: 	training.batch_size: 128
wandb: 	training.early_stopping.counter: 0
wandb: 	training.early_stopping.patience: 5
wandb: 	training.epochs: 40
wandb: 	training.learning_rate: 0.0037535686541531913
wandb: 	training.optimizer: sgd
wandb: WARNING Ignoring project 'bioresponse-mlp' when running a sweep.
wandb: WARNING Ignoring entity 'xmajercik-fiit-stu' when running a sweep.
wandb: Tracking run with wandb version 0.22.3
wandb: Run data is saved locally in /Users/tomasmajercik/School/5_semester/ZNEUS/project1/wandb/run-20251109_155848-k33kgvek
wandb: Run `wandb offline` to turn off syncing.
wandb: Syncing run drawn-sweep-24
wandb: ⭐️ View project at https://wandb.ai/xmajercik-fiit-stu/bioresponse-mlp
wandb: 🧹 View sweep at https://wandb.ai/xmajercik-fiit-stu/bioresponse-mlp/sweeps/1cfqgjo7
wandb: 🚀 View run at https://wandb.ai/xmajercik-fiit-stu/bioresponse-mlp/runs/k33kgvek
wandb: updating run metadata; uploading artifact run-k33kgvek-final_conf_mat_table; uploading wandb-metadata.json
wandb: uploading artifact run-k33kgvek-final_conf_mat_table; uploading output.log; uploading wandb-summary.json; uploading config.yaml
wandb: uploading artifact run-k33kgvek-final_conf_mat_table
wandb: uploading history steps 1-11, summary, console lines 0-4
wandb: 
wandb: Run history:
wandb:        epoch ▁▂▂▃▄▅▅▆▇▇█
wandb:   train_loss █▄▆▇▅▃▂▃▁▃▅
wandb: val_accuracy ▁▅▁▁▆█▃▂▃▅▅
wandb:       val_f1 ▁▆▁▁▇█▅▅▆▇▇
wandb:     val_loss ▆▂▅█▃▁▃▃▃▃▄
wandb: 
wandb: Run summary:
wandb:        epoch 11
wandb:   train_loss 0.71409
wandb: val_accuracy 0.50133
wandb:       val_f1 0.51928
wandb:     val_loss 0.69669
wandb: 
wandb: 🚀 View run run_lr0.0038_bs128_optsgd at: https://wandb.ai/xmajercik-fiit-stu/bioresponse-mlp/runs/k33kgvek
wandb: ⭐️ View project at: https://wandb.ai/xmajercik-fiit-stu/bioresponse-mlp
wandb: Synced 5 W&B file(s), 1 media file(s), 2 artifact file(s) and 0 other file(s)
wandb: Find logs at: ./wandb/run-20251109_155848-k33kgvek/logs
wandb: Agent Starting Run: 1d9txako with config:
wandb: 	model.activation: tanh
wandb: 	model.batch_norm: True
wandb: 	model.dropout: 0.5
wandb: 	model.hidden_layers: [256, 128, 64]
wandb: 	training.batch_size: 64
wandb: 	training.early_stopping.counter: 0
wandb: 	training.early_stopping.patience: 3
wandb: 	training.epochs: 40
wandb: 	training.learning_rate: 0.09514995566121244
wandb: 	training.optimizer: rmsprop
wandb: WARNING Ignoring project 'bioresponse-mlp' when running a sweep.
wandb: WARNING Ignoring entity 'xmajercik-fiit-stu' when running a sweep.
wandb: Tracking run with wandb version 0.22.3
wandb: Run data is saved locally in /Users/tomasmajercik/School/5_semester/ZNEUS/project1/wandb/run-20251109_155853-1d9txako
wandb: Run `wandb offline` to turn off syncing.
wandb: Syncing run zany-sweep-25
wandb: ⭐️ View project at https://wandb.ai/xmajercik-fiit-stu/bioresponse-mlp
wandb: 🧹 View sweep at https://wandb.ai/xmajercik-fiit-stu/bioresponse-mlp/sweeps/1cfqgjo7
wandb: 🚀 View run at https://wandb.ai/xmajercik-fiit-stu/bioresponse-mlp/runs/1d9txako
wandb: updating run metadata; uploading artifact run-1d9txako-final_conf_mat_table
wandb: uploading artifact run-1d9txako-final_conf_mat_table; uploading media/table/final_conf_mat_table_6_380c924e57f91af4429a.table.json; uploading output.log; uploading wandb-summary.json; uploading config.yaml
wandb: uploading artifact run-1d9txako-final_conf_mat_table
wandb: uploading history steps 0-6, summary, console lines 0-3
wandb: 
wandb: Run history:
wandb:        epoch ▁▂▄▅▇█
wandb:   train_loss █▁▁▁▁▁
wandb: val_accuracy ▁▆▆▄█▅
wandb:       val_f1 ▁▇▄▆█▆
wandb:     val_loss ▇▅▁▅▃█
wandb: 
wandb: Run summary:
wandb:        epoch 6
wandb:   train_loss 0.75346
wandb: val_accuracy 0.496
wandb:       val_f1 0.46761
wandb:     val_loss 0.94282
wandb: 
wandb: 🚀 View run run_lr0.0951_bs64_optrmsprop at: https://wandb.ai/xmajercik-fiit-stu/bioresponse-mlp/runs/1d9txako
wandb: ⭐️ View project at: https://wandb.ai/xmajercik-fiit-stu/bioresponse-mlp
wandb: Synced 5 W&B file(s), 1 media file(s), 2 artifact file(s) and 0 other file(s)
wandb: Find logs at: ./wandb/run-20251109_155853-1d9txako/logs
wandb: Agent Starting Run: vaum1c2a with config:
wandb: 	model.activation: relu
wandb: 	model.batch_norm: False
wandb: 	model.dropout: 0.2
wandb: 	model.hidden_layers: [128, 256]
wandb: 	training.batch_size: 64
wandb: 	training.early_stopping.counter: 0
wandb: 	training.early_stopping.patience: 8
wandb: 	training.epochs: 40
wandb: 	training.learning_rate: 0.019752252659721983
wandb: 	training.optimizer: adam
wandb: WARNING Ignoring project 'bioresponse-mlp' when running a sweep.
wandb: WARNING Ignoring entity 'xmajercik-fiit-stu' when running a sweep.
wandb: Tracking run with wandb version 0.22.3
wandb: Run data is saved locally in /Users/tomasmajercik/School/5_semester/ZNEUS/project1/wandb/run-20251109_155859-vaum1c2a
wandb: Run `wandb offline` to turn off syncing.
wandb: Syncing run lively-sweep-26
wandb: ⭐️ View project at https://wandb.ai/xmajercik-fiit-stu/bioresponse-mlp
wandb: 🧹 View sweep at https://wandb.ai/xmajercik-fiit-stu/bioresponse-mlp/sweeps/1cfqgjo7
wandb: 🚀 View run at https://wandb.ai/xmajercik-fiit-stu/bioresponse-mlp/runs/vaum1c2a
wandb: updating run metadata; uploading artifact run-vaum1c2a-final_conf_mat_table
wandb: uploading artifact run-vaum1c2a-final_conf_mat_table; uploading output.log; uploading wandb-summary.json; uploading config.yaml
wandb: uploading artifact run-vaum1c2a-final_conf_mat_table
wandb: 
wandb: Run history:
wandb:        epoch ▁▂▃▄▅▅▆▇█
wandb:   train_loss ▁██████▇█
wandb: val_accuracy ▁▁▁▁▁▁▁▁▁
wandb:       val_f1 ▁▁▁▁▁▁▁▁▁
wandb:     val_loss ▁▁▁▁▁▁▁▁▁
wandb: 
wandb: Run summary:
wandb:        epoch 9
wandb:   train_loss 45.78742
wandb: val_accuracy 0.54133
wandb:       val_f1 0.70242
wandb:     val_loss 45.81439
wandb: 
wandb: 🚀 View run run_lr0.0198_bs64_optadam at: https://wandb.ai/xmajercik-fiit-stu/bioresponse-mlp/runs/vaum1c2a
wandb: ⭐️ View project at: https://wandb.ai/xmajercik-fiit-stu/bioresponse-mlp
wandb: Synced 5 W&B file(s), 1 media file(s), 2 artifact file(s) and 0 other file(s)
wandb: Find logs at: ./wandb/run-20251109_155859-vaum1c2a/logs
wandb: Agent Starting Run: f352p3k0 with config:
wandb: 	model.activation: relu
wandb: 	model.batch_norm: True
wandb: 	model.dropout: 0.3
wandb: 	model.hidden_layers: [256, 128, 64]
wandb: 	training.batch_size: 64
wandb: 	training.early_stopping.counter: 0
wandb: 	training.early_stopping.patience: 8
wandb: 	training.epochs: 40
wandb: 	training.learning_rate: 0.0032854606148583184
wandb: 	training.optimizer: sgd
wandb: WARNING Ignoring project 'bioresponse-mlp' when running a sweep.
wandb: WARNING Ignoring entity 'xmajercik-fiit-stu' when running a sweep.
wandb: Tracking run with wandb version 0.22.3
wandb: Run data is saved locally in /Users/tomasmajercik/School/5_semester/ZNEUS/project1/wandb/run-20251109_155904-f352p3k0
wandb: Run `wandb offline` to turn off syncing.
wandb: Syncing run sandy-sweep-27
wandb: ⭐️ View project at https://wandb.ai/xmajercik-fiit-stu/bioresponse-mlp
wandb: 🧹 View sweep at https://wandb.ai/xmajercik-fiit-stu/bioresponse-mlp/sweeps/1cfqgjo7
wandb: 🚀 View run at https://wandb.ai/xmajercik-fiit-stu/bioresponse-mlp/runs/f352p3k0
wandb: updating run metadata; uploading artifact run-f352p3k0-final_conf_mat_table
wandb: uploading artifact run-f352p3k0-final_conf_mat_table; uploading output.log; uploading wandb-summary.json; uploading config.yaml
wandb: uploading artifact run-f352p3k0-final_conf_mat_table
wandb: uploading history steps 0-40, summary, console lines 0-6
wandb: 
wandb: Run history:
wandb:        epoch ▁▁▁▂▂▂▂▂▂▃▃▃▃▃▄▄▄▄▄▄▅▅▅▅▅▅▆▆▆▆▆▇▇▇▇▇▇███
wandb:   train_loss █▇▆▅▆▆▃▄▅▄▃▄▃▄▂▃▃▃▂▃▁▃▂▃▁▂▃▁▃▁▃▁▃▁▂▄▁▁▁▂
wandb: val_accuracy ▅█▅▄▄▇▄▄▇▇▄▂▂▆▄▅▄▆▄▂█▇▅▇▇▇▇▅▇▇▆▇▇▇▃▇▇▁▇▇
wandb:       val_f1 ▇▄▁▆▂█▃▂▃▃▆▂▂▅▃▂▅▄▂▁▄█▃████▅█▄▆███▃██▃██
wandb:     val_loss ▆█▇▅▅▃▄▄▃▃▃▄▃▂▃▃▃▂▃▂▂▂▂▂▂▂▂▂▂▂▂▁▂▁▃▁▁▂▁▂
wandb: 
wandb: Run summary:
wandb:        epoch 40
wandb:   train_loss 0.69367
wandb: val_accuracy 0.54133
wandb:       val_f1 0.70242
wandb:     val_loss 0.68806
wandb: 
wandb: 🚀 View run run_lr0.0033_bs64_optsgd at: https://wandb.ai/xmajercik-fiit-stu/bioresponse-mlp/runs/f352p3k0
wandb: ⭐️ View project at: https://wandb.ai/xmajercik-fiit-stu/bioresponse-mlp
wandb: Synced 5 W&B file(s), 1 media file(s), 2 artifact file(s) and 0 other file(s)
wandb: Find logs at: ./wandb/run-20251109_155904-f352p3k0/logs
wandb: Agent Starting Run: l44f64sn with config:
wandb: 	model.activation: relu
wandb: 	model.batch_norm: True
wandb: 	model.dropout: 0.3
wandb: 	model.hidden_layers: [256, 128, 64]
wandb: 	training.batch_size: 256
wandb: 	training.early_stopping.counter: 0
wandb: 	training.early_stopping.patience: 3
wandb: 	training.epochs: 40
wandb: 	training.learning_rate: 0.013693288695257778
wandb: 	training.optimizer: adamw
wandb: WARNING Ignoring project 'bioresponse-mlp' when running a sweep.
wandb: WARNING Ignoring entity 'xmajercik-fiit-stu' when running a sweep.
wandb: Tracking run with wandb version 0.22.3
wandb: Run data is saved locally in /Users/tomasmajercik/School/5_semester/ZNEUS/project1/wandb/run-20251109_155915-l44f64sn
wandb: Run `wandb offline` to turn off syncing.
wandb: Syncing run unique-sweep-28
wandb: ⭐️ View project at https://wandb.ai/xmajercik-fiit-stu/bioresponse-mlp
wandb: 🧹 View sweep at https://wandb.ai/xmajercik-fiit-stu/bioresponse-mlp/sweeps/1cfqgjo7
wandb: 🚀 View run at https://wandb.ai/xmajercik-fiit-stu/bioresponse-mlp/runs/l44f64sn
wandb: updating run metadata; uploading artifact run-l44f64sn-final_conf_mat_table
wandb: uploading artifact run-l44f64sn-final_conf_mat_table; uploading media/table/final_conf_mat_table_7_380c924e57f91af4429a.table.json; uploading wandb-summary.json; uploading config.yaml
wandb: uploading artifact run-l44f64sn-final_conf_mat_table
wandb: uploading history steps 0-7, summary, console lines 0-3
wandb: 
wandb: Run history:
wandb:        epoch ▁▂▃▅▆▇█
wandb:   train_loss █▂▂▂▁▃▂
wandb: val_accuracy ▁████▆█
wandb:       val_f1 ▁████▇█
wandb:     val_loss █▃▁▁▁▁▁
wandb: 
wandb: Run summary:
wandb:        epoch 7
wandb:   train_loss 0.69257
wandb: val_accuracy 0.54133
wandb:       val_f1 0.70242
wandb:     val_loss 0.6883
wandb: 
wandb: 🚀 View run run_lr0.0137_bs256_optadamw at: https://wandb.ai/xmajercik-fiit-stu/bioresponse-mlp/runs/l44f64sn
wandb: ⭐️ View project at: https://wandb.ai/xmajercik-fiit-stu/bioresponse-mlp
wandb: Synced 5 W&B file(s), 1 media file(s), 2 artifact file(s) and 0 other file(s)
wandb: Find logs at: ./wandb/run-20251109_155915-l44f64sn/logs
wandb: Agent Starting Run: n6ynwoy7 with config:
wandb: 	model.activation: relu
wandb: 	model.batch_norm: False
wandb: 	model.dropout: 0.3
wandb: 	model.hidden_layers: [512]
wandb: 	training.batch_size: 128
wandb: 	training.early_stopping.counter: 0
wandb: 	training.early_stopping.patience: 5
wandb: 	training.epochs: 40
wandb: 	training.learning_rate: 0.03336751475460045
wandb: 	training.optimizer: adam
wandb: WARNING Ignoring project 'bioresponse-mlp' when running a sweep.
wandb: WARNING Ignoring entity 'xmajercik-fiit-stu' when running a sweep.
wandb: Tracking run with wandb version 0.22.3
wandb: Run data is saved locally in /Users/tomasmajercik/School/5_semester/ZNEUS/project1/wandb/run-20251109_155920-n6ynwoy7
wandb: Run `wandb offline` to turn off syncing.
wandb: Syncing run helpful-sweep-29
wandb: ⭐️ View project at https://wandb.ai/xmajercik-fiit-stu/bioresponse-mlp
wandb: 🧹 View sweep at https://wandb.ai/xmajercik-fiit-stu/bioresponse-mlp/sweeps/1cfqgjo7
wandb: 🚀 View run at https://wandb.ai/xmajercik-fiit-stu/bioresponse-mlp/runs/n6ynwoy7
wandb: updating run metadata; uploading artifact run-n6ynwoy7-final_conf_mat_table
wandb: uploading artifact run-n6ynwoy7-final_conf_mat_table; uploading output.log; uploading wandb-summary.json; uploading config.yaml
wandb: uploading artifact run-n6ynwoy7-final_conf_mat_table
wandb: uploading history steps 0-14, summary, console lines 0-4
wandb: 
wandb: Run history:
wandb:        epoch ▁▂▂▃▃▄▄▅▅▆▆▇▇█
wandb:   train_loss ▇███████▃▁▁▁▁▁
wandb: val_accuracy ▁▁▁▁▁▁▁▁██████
wandb:       val_f1 ▁▁▁▁▁▁▁▁██████
wandb:     val_loss ████████▁▁▁▁▁▁
wandb: 
wandb: Run summary:
wandb:        epoch 14
wandb:   train_loss 45.65662
wandb: val_accuracy 0.54133
wandb:       val_f1 0.70242
wandb:     val_loss 45.77644
wandb: 
wandb: 🚀 View run run_lr0.0334_bs128_optadam at: https://wandb.ai/xmajercik-fiit-stu/bioresponse-mlp/runs/n6ynwoy7
wandb: ⭐️ View project at: https://wandb.ai/xmajercik-fiit-stu/bioresponse-mlp
wandb: Synced 5 W&B file(s), 1 media file(s), 2 artifact file(s) and 0 other file(s)
wandb: Find logs at: ./wandb/run-20251109_155920-n6ynwoy7/logs
wandb: Agent Starting Run: kjsc4x2n with config:
wandb: 	model.activation: tanh
wandb: 	model.batch_norm: False
wandb: 	model.dropout: 0.3
wandb: 	model.hidden_layers: [128, 128, 64, 128, 64]
wandb: 	training.batch_size: 64
wandb: 	training.early_stopping.counter: 0
wandb: 	training.early_stopping.patience: 5
wandb: 	training.epochs: 40
wandb: 	training.learning_rate: 0.011668251210917462
wandb: 	training.optimizer: adam
wandb: WARNING Ignoring project 'bioresponse-mlp' when running a sweep.
wandb: WARNING Ignoring entity 'xmajercik-fiit-stu' when running a sweep.
wandb: Tracking run with wandb version 0.22.3
wandb: Run data is saved locally in /Users/tomasmajercik/School/5_semester/ZNEUS/project1/wandb/run-20251109_155925-kjsc4x2n
wandb: Run `wandb offline` to turn off syncing.
wandb: Syncing run sage-sweep-30
wandb: ⭐️ View project at https://wandb.ai/xmajercik-fiit-stu/bioresponse-mlp
wandb: 🧹 View sweep at https://wandb.ai/xmajercik-fiit-stu/bioresponse-mlp/sweeps/1cfqgjo7
wandb: 🚀 View run at https://wandb.ai/xmajercik-fiit-stu/bioresponse-mlp/runs/kjsc4x2n
wandb: updating run metadata; uploading artifact run-kjsc4x2n-final_conf_mat_table
wandb: uploading artifact run-kjsc4x2n-final_conf_mat_table; uploading output.log; uploading wandb-summary.json; uploading config.yaml
wandb: uploading artifact run-kjsc4x2n-final_conf_mat_table
wandb: uploading history steps 1-6, summary, console lines 0-3
wandb: 
wandb: Run history:
wandb:        epoch ▁▂▄▅▇█
wandb:   train_loss █▃▁▁▁▁
wandb: val_accuracy ████▁█
wandb:       val_f1 ████▁█
wandb:     val_loss ▁▁▅▁█▄
wandb: 
wandb: Run summary:
wandb:        epoch 6
wandb:   train_loss 0.70068
wandb: val_accuracy 0.54133
wandb:       val_f1 0.70242
wandb:     val_loss 0.6976
wandb: 
wandb: 🚀 View run run_lr0.0117_bs64_optadam at: https://wandb.ai/xmajercik-fiit-stu/bioresponse-mlp/runs/kjsc4x2n
wandb: ⭐️ View project at: https://wandb.ai/xmajercik-fiit-stu/bioresponse-mlp
wandb: Synced 5 W&B file(s), 1 media file(s), 2 artifact file(s) and 0 other file(s)
wandb: Find logs at: ./wandb/run-20251109_155925-kjsc4x2n/logs
wandb: Agent Starting Run: xs7w0stc with config:
wandb: 	model.activation: tanh
wandb: 	model.batch_norm: False
wandb: 	model.dropout: 0.3
wandb: 	model.hidden_layers: [256, 128, 64]
wandb: 	training.batch_size: 64
wandb: 	training.early_stopping.counter: 0
wandb: 	training.early_stopping.patience: 3
wandb: 	training.epochs: 40
wandb: 	training.learning_rate: 0.00022565554818393223
wandb: 	training.optimizer: adamw
wandb: WARNING Ignoring project 'bioresponse-mlp' when running a sweep.
wandb: WARNING Ignoring entity 'xmajercik-fiit-stu' when running a sweep.
wandb: Tracking run with wandb version 0.22.3
wandb: Run data is saved locally in /Users/tomasmajercik/School/5_semester/ZNEUS/project1/wandb/run-20251109_155931-xs7w0stc
wandb: Run `wandb offline` to turn off syncing.
wandb: Syncing run avid-sweep-31
wandb: ⭐️ View project at https://wandb.ai/xmajercik-fiit-stu/bioresponse-mlp
wandb: 🧹 View sweep at https://wandb.ai/xmajercik-fiit-stu/bioresponse-mlp/sweeps/1cfqgjo7
wandb: 🚀 View run at https://wandb.ai/xmajercik-fiit-stu/bioresponse-mlp/runs/xs7w0stc
wandb: updating run metadata; uploading artifact run-xs7w0stc-final_conf_mat_table
wandb: uploading artifact run-xs7w0stc-final_conf_mat_table; uploading media/table/final_conf_mat_table_4_380c924e57f91af4429a.table.json; uploading output.log; uploading config.yaml
wandb: uploading artifact run-xs7w0stc-final_conf_mat_table
wandb: 
wandb: Run history:
wandb:        epoch ▁▃▆█
wandb:   train_loss ▇█▁▄
wandb: val_accuracy ▁▁▁▁
wandb:       val_f1 ▁▁▁▁
wandb:     val_loss ▁█▂▂
wandb: 
wandb: Run summary:
wandb:        epoch 4
wandb:   train_loss 0.69444
wandb: val_accuracy 0.54133
wandb:       val_f1 0.70242
wandb:     val_loss 0.69103
wandb: 
wandb: 🚀 View run run_lr0.0002_bs64_optadamw at: https://wandb.ai/xmajercik-fiit-stu/bioresponse-mlp/runs/xs7w0stc
wandb: ⭐️ View project at: https://wandb.ai/xmajercik-fiit-stu/bioresponse-mlp
wandb: Synced 5 W&B file(s), 1 media file(s), 2 artifact file(s) and 0 other file(s)
wandb: Find logs at: ./wandb/run-20251109_155931-xs7w0stc/logs
wandb: Agent Starting Run: r29aqz5l with config:
wandb: 	model.activation: tanh
wandb: 	model.batch_norm: True
wandb: 	model.dropout: 0.5
wandb: 	model.hidden_layers: [128, 256]
wandb: 	training.batch_size: 256
wandb: 	training.early_stopping.counter: 0
wandb: 	training.early_stopping.patience: 8
wandb: 	training.epochs: 40
wandb: 	training.learning_rate: 0.09070942478138136
wandb: 	training.optimizer: rmsprop
wandb: WARNING Ignoring project 'bioresponse-mlp' when running a sweep.
wandb: WARNING Ignoring entity 'xmajercik-fiit-stu' when running a sweep.
wandb: Tracking run with wandb version 0.22.3
wandb: Run data is saved locally in /Users/tomasmajercik/School/5_semester/ZNEUS/project1/wandb/run-20251109_155936-r29aqz5l
wandb: Run `wandb offline` to turn off syncing.
wandb: Syncing run spring-sweep-32
wandb: ⭐️ View project at https://wandb.ai/xmajercik-fiit-stu/bioresponse-mlp
wandb: 🧹 View sweep at https://wandb.ai/xmajercik-fiit-stu/bioresponse-mlp/sweeps/1cfqgjo7
wandb: 🚀 View run at https://wandb.ai/xmajercik-fiit-stu/bioresponse-mlp/runs/r29aqz5l
Training: 3000 | Validation: 375 | Test: 376
Create sweep with ID: 1cfqgjo7
Sweep URL: https://wandb.ai/xmajercik-fiit-stu/bioresponse-mlp/sweeps/1cfqgjo7
Starting W&B run: run_lr0.0288_bs256_optsgd
Epoch 1/40 - Train Loss: 0.7133 - Val Loss: 0.6890 - Val Acc: 0.5413
Epoch 10/40 - Train Loss: 0.6956 - Val Loss: 0.6870 - Val Acc: 0.5413
Epoch 20/40 - Train Loss: 0.6924 - Val Loss: 0.6866 - Val Acc: 0.5413
Epoch 30/40 - Train Loss: 0.6927 - Val Loss: 0.6866 - Val Acc: 0.5413
Early stopping triggered (overfitting detected).
🧹 Sweep run completed. ✅
Starting W&B run: run_lr0.0703_bs64_optsgd
Epoch 1/40 - Train Loss: 0.7128 - Val Loss: 0.6890 - Val Acc: 0.5413
Epoch 10/40 - Train Loss: 0.6942 - Val Loss: 0.6896 - Val Acc: 0.5413
Early stopping triggered (overfitting detected).
🧹 Sweep run completed. ✅
Starting W&B run: run_lr0.0341_bs64_optsgd
Epoch 1/40 - Train Loss: 0.7123 - Val Loss: 0.7086 - Val Acc: 0.4987
Early stopping triggered (overfitting detected).
🧹 Sweep run completed. ✅
Starting W&B run: run_lr0.0008_bs64_optsgd
Epoch 1/40 - Train Loss: 0.6985 - Val Loss: 0.6900 - Val Acc: 0.5413
Epoch 10/40 - Train Loss: 0.6965 - Val Loss: 0.6897 - Val Acc: 0.5413
Early stopping triggered (overfitting detected).
🧹 Sweep run completed. ✅
Starting W&B run: run_lr0.0448_bs64_optadamw
Epoch 1/40 - Train Loss: 1.3162 - Val Loss: 0.7048 - Val Acc: 0.5413
Early stopping triggered (overfitting detected).
🧹 Sweep run completed. ✅
Starting W&B run: run_lr0.0099_bs256_optsgd
Epoch 1/40 - Train Loss: 0.7089 - Val Loss: 0.6975 - Val Acc: 0.4587
Early stopping triggered (overfitting detected).
🧹 Sweep run completed. ✅
Starting W&B run: run_lr0.0074_bs128_optrmsprop
Epoch 1/40 - Train Loss: 0.7037 - Val Loss: 0.7139 - Val Acc: 0.5413
Early stopping triggered (overfitting detected).
🧹 Sweep run completed. ✅
Starting W&B run: run_lr0.0003_bs64_optsgd
Epoch 1/40 - Train Loss: 0.7290 - Val Loss: 0.7028 - Val Acc: 0.4800
Early stopping triggered (overfitting detected).
🧹 Sweep run completed. ✅
Starting W&B run: run_lr0.0020_bs64_optadamw
Epoch 1/40 - Train Loss: 0.6977 - Val Loss: 0.6897 - Val Acc: 0.5413
Early stopping triggered (overfitting detected).
🧹 Sweep run completed. ✅
Starting W&B run: run_lr0.0012_bs64_optsgd
Epoch 1/40 - Train Loss: 0.7018 - Val Loss: 0.6916 - Val Acc: 0.5413
Epoch 10/40 - Train Loss: 0.7026 - Val Loss: 0.6911 - Val Acc: 0.5440
Epoch 20/40 - Train Loss: 0.6963 - Val Loss: 0.6913 - Val Acc: 0.5280
Early stopping triggered (overfitting detected).
🧹 Sweep run completed. ✅
Starting W&B run: run_lr0.0066_bs256_optrmsprop
Epoch 1/40 - Train Loss: 11.4962 - Val Loss: 4.5461 - Val Acc: 0.4587
Epoch 10/40 - Train Loss: 0.9808 - Val Loss: 0.8413 - Val Acc: 0.4587
Early stopping triggered (overfitting detected).
🧹 Sweep run completed. ✅
Starting W&B run: run_lr0.0001_bs64_optadam
Epoch 1/40 - Train Loss: 34.1387 - Val Loss: 41.9927 - Val Acc: 0.5413
Early stopping triggered (overfitting detected).
🧹 Sweep run completed. ✅
Starting W&B run: run_lr0.0023_bs256_optsgd
Epoch 1/40 - Train Loss: 0.7487 - Val Loss: 0.7012 - Val Acc: 0.4587
Epoch 10/40 - Train Loss: 0.7124 - Val Loss: 0.6981 - Val Acc: 0.4907
Epoch 20/40 - Train Loss: 0.7071 - Val Loss: 0.6925 - Val Acc: 0.5120
Epoch 30/40 - Train Loss: 0.6952 - Val Loss: 0.6899 - Val Acc: 0.5253
Epoch 40/40 - Train Loss: 0.7013 - Val Loss: 0.6887 - Val Acc: 0.5333
🧹 Sweep run completed. ✅
Starting W&B run: run_lr0.0012_bs128_optsgd
Epoch 1/40 - Train Loss: 0.7114 - Val Loss: 0.6930 - Val Acc: 0.4907
Epoch 10/40 - Train Loss: 0.7098 - Val Loss: 0.6920 - Val Acc: 0.5280
Early stopping triggered (overfitting detected).
🧹 Sweep run completed. ✅
Starting W&B run: run_lr0.0002_bs64_optadamw
Epoch 1/40 - Train Loss: 0.7055 - Val Loss: 0.6888 - Val Acc: 0.5413
Early stopping triggered (overfitting detected).
🧹 Sweep run completed. ✅
Starting W&B run: run_lr0.0072_bs128_optadamw
Epoch 1/40 - Train Loss: 0.7432 - Val Loss: 0.6927 - Val Acc: 0.5413
Epoch 10/40 - Train Loss: 0.7047 - Val Loss: 0.6940 - Val Acc: 0.4613
Early stopping triggered (overfitting detected).
🧹 Sweep run completed. ✅
Starting W&B run: run_lr0.0002_bs64_optadamw
Epoch 1/40 - Train Loss: 1.1921 - Val Loss: 0.7028 - Val Acc: 0.4587
Epoch 10/40 - Train Loss: 0.6991 - Val Loss: 0.6929 - Val Acc: 0.5147
Epoch 20/40 - Train Loss: 0.6922 - Val Loss: 0.6919 - Val Acc: 0.5227
Early stopping triggered (overfitting detected).
🧹 Sweep run completed. ✅
Starting W&B run: run_lr0.0068_bs128_optadam
Epoch 1/40 - Train Loss: 0.7516 - Val Loss: 0.6871 - Val Acc: 0.5867
Early stopping triggered (overfitting detected).
🧹 Sweep run completed. ✅
Starting W&B run: run_lr0.0004_bs64_optrmsprop
Epoch 1/40 - Train Loss: 0.7177 - Val Loss: 0.6906 - Val Acc: 0.5307
Epoch 10/40 - Train Loss: 0.6951 - Val Loss: 0.6863 - Val Acc: 0.5413
Epoch 20/40 - Train Loss: 0.6504 - Val Loss: 0.6689 - Val Acc: 0.5840
Epoch 30/40 - Train Loss: 0.6060 - Val Loss: 0.6293 - Val Acc: 0.6133
Early stopping triggered (overfitting detected).
🧹 Sweep run completed. ✅
Starting W&B run: run_lr0.0164_bs64_optadam
Epoch 1/40 - Train Loss: 0.7167 - Val Loss: 0.7317 - Val Acc: 0.5413
Early stopping triggered (overfitting detected).
🧹 Sweep run completed. ✅
Starting W&B run: run_lr0.0011_bs64_optadamw
Epoch 1/40 - Train Loss: 0.9242 - Val Loss: 0.6902 - Val Acc: 0.5413
Epoch 10/40 - Train Loss: 0.6934 - Val Loss: 0.6896 - Val Acc: 0.5413
Epoch 20/40 - Train Loss: 0.6899 - Val Loss: 0.6896 - Val Acc: 0.5413
Epoch 30/40 - Train Loss: 0.6905 - Val Loss: 0.6895 - Val Acc: 0.5413
Early stopping triggered (overfitting detected).
🧹 Sweep run completed. ✅
Starting W&B run: run_lr0.0014_bs64_optsgd
Epoch 1/40 - Train Loss: 0.7068 - Val Loss: 0.6907 - Val Acc: 0.5173
Epoch 10/40 - Train Loss: 0.6982 - Val Loss: 0.6901 - Val Acc: 0.5413
Early stopping triggered (overfitting detected).
🧹 Sweep run completed. ✅
Starting W&B run: run_lr0.0001_bs64_optsgd
Epoch 1/40 - Train Loss: 0.7115 - Val Loss: 0.6927 - Val Acc: 0.5413
Epoch 10/40 - Train Loss: 0.7138 - Val Loss: 0.6920 - Val Acc: 0.5413
Early stopping triggered (overfitting detected).
🧹 Sweep run completed. ✅
Starting W&B run: run_lr0.0038_bs128_optsgd
Epoch 1/40 - Train Loss: 0.7191 - Val Loss: 0.6993 - Val Acc: 0.4587
Epoch 10/40 - Train Loss: 0.7096 - Val Loss: 0.6957 - Val Acc: 0.5067
Early stopping triggered (overfitting detected).
🧹 Sweep run completed. ✅
Starting W&B run: run_lr0.0951_bs64_optrmsprop
Epoch 1/40 - Train Loss: 2.7944 - Val Loss: 0.9245 - Val Acc: 0.4693
Early stopping triggered (overfitting detected).
🧹 Sweep run completed. ✅
Starting W&B run: run_lr0.0198_bs64_optadam
Epoch 1/40 - Train Loss: 45.2203 - Val Loss: 45.8144 - Val Acc: 0.5413
Early stopping triggered (overfitting detected).
🧹 Sweep run completed. ✅
Starting W&B run: run_lr0.0033_bs64_optsgd
Epoch 1/40 - Train Loss: 0.7116 - Val Loss: 0.6895 - Val Acc: 0.5307
Epoch 10/40 - Train Loss: 0.7005 - Val Loss: 0.6883 - Val Acc: 0.5387
Epoch 20/40 - Train Loss: 0.6961 - Val Loss: 0.6882 - Val Acc: 0.5173
Epoch 30/40 - Train Loss: 0.6930 - Val Loss: 0.6881 - Val Acc: 0.5387
Epoch 40/40 - Train Loss: 0.6937 - Val Loss: 0.6881 - Val Acc: 0.5413
🧹 Sweep run completed. ✅
Starting W&B run: run_lr0.0137_bs256_optadamw
Epoch 1/40 - Train Loss: 0.7136 - Val Loss: 0.7355 - Val Acc: 0.4853
Early stopping triggered (overfitting detected).
🧹 Sweep run completed. ✅
Starting W&B run: run_lr0.0334_bs128_optadam
Epoch 1/40 - Train Loss: 53.3063 - Val Loss: 53.9435 - Val Acc: 0.4613
Epoch 10/40 - Train Loss: 45.7828 - Val Loss: 45.7764 - Val Acc: 0.5413
Early stopping triggered (overfitting detected).
🧹 Sweep run completed. ✅
Starting W&B run: run_lr0.0117_bs64_optadam
Epoch 1/40 - Train Loss: 0.7157 - Val Loss: 0.6898 - Val Acc: 0.5413
Early stopping triggered (overfitting detected).
🧹 Sweep run completed. ✅
Starting W&B run: run_lr0.0002_bs64_optadamw
Epoch 1/40 - Train Loss: 0.6968 - Val Loss: 0.6904 - Val Acc: 0.5413
Early stopping triggered (overfitting detected).
🧹 Sweep run completed. ✅
Starting W&B run: run_lr0.0907_bs256_optrmsprop
Epoch 1/40 - Train Loss: 39.8258 - Val Loss: 44.8365 - Val Acc: 0.5413wandb: updating run metadata; uploading artifact run-r29aqz5l-final_conf_mat_table
wandb: uploading artifact run-r29aqz5l-final_conf_mat_table; uploading media/table/final_conf_mat_table_9_380c924e57f91af4429a.table.json; uploading wandb-summary.json; uploading config.yaml
wandb: uploading artifact run-r29aqz5l-final_conf_mat_table
wandb: 
wandb: Run history:
wandb:        epoch ▁▂▃▄▅▅▆▇█
wandb:   train_loss ▁████████
wandb: val_accuracy ▁▁▁▁▁▁▁▁▁
wandb:       val_f1 ▁▁▁▁▁▁▁▁▁
wandb:     val_loss ▁▁▁▁▁▁▁▁▁
wandb: 
wandb: Run summary:
wandb:        epoch 9
wandb:   train_loss 45.78946
wandb: val_accuracy 0.54133
wandb:       val_f1 0.70242
wandb:     val_loss 44.83653
wandb: 
wandb: 🚀 View run run_lr0.0907_bs256_optrmsprop at: https://wandb.ai/xmajercik-fiit-stu/bioresponse-mlp/runs/r29aqz5l
wandb: ⭐️ View project at: https://wandb.ai/xmajercik-fiit-stu/bioresponse-mlp
wandb: Synced 5 W&B file(s), 1 media file(s), 2 artifact file(s) and 0 other file(s)
wandb: Find logs at: ./wandb/run-20251109_155936-r29aqz5l/logs
wandb: Agent Starting Run: 6ahm9qjq with config:
wandb: 	model.activation: tanh
wandb: 	model.batch_norm: True
wandb: 	model.dropout: 0.2
wandb: 	model.hidden_layers: [128, 64, 32]
wandb: 	training.batch_size: 128
wandb: 	training.early_stopping.counter: 0
wandb: 	training.early_stopping.patience: 5
wandb: 	training.epochs: 40
wandb: 	training.learning_rate: 0.01674904179007505
wandb: 	training.optimizer: sgd
wandb: WARNING Ignoring project 'bioresponse-mlp' when running a sweep.
wandb: WARNING Ignoring entity 'xmajercik-fiit-stu' when running a sweep.
wandb: Tracking run with wandb version 0.22.3
wandb: Run data is saved locally in /Users/tomasmajercik/School/5_semester/ZNEUS/project1/wandb/run-20251109_155941-6ahm9qjq
wandb: Run `wandb offline` to turn off syncing.
wandb: Syncing run devout-sweep-33
wandb: ⭐️ View project at https://wandb.ai/xmajercik-fiit-stu/bioresponse-mlp
wandb: 🧹 View sweep at https://wandb.ai/xmajercik-fiit-stu/bioresponse-mlp/sweeps/1cfqgjo7
wandb: 🚀 View run at https://wandb.ai/xmajercik-fiit-stu/bioresponse-mlp/runs/6ahm9qjq
wandb: updating run metadata; uploading artifact run-6ahm9qjq-final_conf_mat_table
wandb: uploading artifact run-6ahm9qjq-final_conf_mat_table; uploading output.log; uploading wandb-summary.json; uploading config.yaml
wandb: uploading artifact run-6ahm9qjq-final_conf_mat_table
wandb: uploading history steps 1-9, summary, console lines 0-3
wandb: 
wandb: Run history:
wandb:        epoch ▁▂▃▄▅▅▆▇█
wandb:   train_loss █▄▇▇▅▄▅▂▁
wandb: val_accuracy ▁▁▄█▅▅█▇█
wandb:       val_f1 ▁▁▄█▄▄█▅█
wandb:     val_loss █▇▅▁▄▃▂▃▂
wandb: 
wandb: Run summary:
wandb:        epoch 9
wandb:   train_loss 0.69536
wandb: val_accuracy 0.54133
wandb:       val_f1 0.70242
wandb:     val_loss 0.69049
wandb: 
wandb: 🚀 View run run_lr0.0167_bs128_optsgd at: https://wandb.ai/xmajercik-fiit-stu/bioresponse-mlp/runs/6ahm9qjq
wandb: ⭐️ View project at: https://wandb.ai/xmajercik-fiit-stu/bioresponse-mlp
wandb: Synced 5 W&B file(s), 1 media file(s), 2 artifact file(s) and 0 other file(s)
wandb: Find logs at: ./wandb/run-20251109_155941-6ahm9qjq/logs
wandb: Agent Starting Run: rhfdl2cl with config:
wandb: 	model.activation: relu
wandb: 	model.batch_norm: True
wandb: 	model.dropout: 0.2
wandb: 	model.hidden_layers: [128, 128, 64, 128, 64]
wandb: 	training.batch_size: 128
wandb: 	training.early_stopping.counter: 0
wandb: 	training.early_stopping.patience: 5
wandb: 	training.epochs: 40
wandb: 	training.learning_rate: 0.06751013547946662
wandb: 	training.optimizer: sgd
wandb: WARNING Ignoring project 'bioresponse-mlp' when running a sweep.
wandb: WARNING Ignoring entity 'xmajercik-fiit-stu' when running a sweep.
wandb: setting up run rhfdl2cl
wandb: Tracking run with wandb version 0.22.3
wandb: Run data is saved locally in /Users/tomasmajercik/School/5_semester/ZNEUS/project1/wandb/run-20251109_155946-rhfdl2cl
wandb: Run `wandb offline` to turn off syncing.
wandb: Syncing run apricot-sweep-34
wandb: ⭐️ View project at https://wandb.ai/xmajercik-fiit-stu/bioresponse-mlp
wandb: 🧹 View sweep at https://wandb.ai/xmajercik-fiit-stu/bioresponse-mlp/sweeps/1cfqgjo7
wandb: 🚀 View run at https://wandb.ai/xmajercik-fiit-stu/bioresponse-mlp/runs/rhfdl2cl
wandb: updating run metadata; uploading artifact run-rhfdl2cl-final_conf_mat_table
wandb: uploading artifact run-rhfdl2cl-final_conf_mat_table; uploading wandb-metadata.json; uploading output.log; uploading wandb-summary.json; uploading config.yaml
wandb: uploading artifact run-rhfdl2cl-final_conf_mat_table; uploading wandb-summary.json
wandb: uploading history steps 0-7, summary, console lines 0-3
wandb: 
wandb: Run history:
wandb:        epoch ▁▂▃▅▆▇█
wandb:   train_loss █▄▄▃▂▁▁
wandb: val_accuracy ▇█▃▃▄▁▂
wandb:       val_f1 █▄▁▂▅▂▂
wandb:     val_loss ▄▁▂█▂▆█
wandb: 
wandb: Run summary:
wandb:        epoch 7
wandb:   train_loss 0.69209
wandb: val_accuracy 0.52
wandb:       val_f1 0.6371
wandb:     val_loss 0.68932
wandb: 
wandb: 🚀 View run run_lr0.0675_bs128_optsgd at: https://wandb.ai/xmajercik-fiit-stu/bioresponse-mlp/runs/rhfdl2cl
wandb: ⭐️ View project at: https://wandb.ai/xmajercik-fiit-stu/bioresponse-mlp
wandb: Synced 5 W&B file(s), 1 media file(s), 2 artifact file(s) and 0 other file(s)
wandb: Find logs at: ./wandb/run-20251109_155946-rhfdl2cl/logs
wandb: Agent Starting Run: f0tqge2y with config:
wandb: 	model.activation: relu
wandb: 	model.batch_norm: True
wandb: 	model.dropout: 0.3
wandb: 	model.hidden_layers: [128, 128, 64, 128, 64]
wandb: 	training.batch_size: 128
wandb: 	training.early_stopping.counter: 0
wandb: 	training.early_stopping.patience: 5
wandb: 	training.epochs: 40
wandb: 	training.learning_rate: 0.012355184696407622
wandb: 	training.optimizer: adam
wandb: WARNING Ignoring project 'bioresponse-mlp' when running a sweep.
wandb: WARNING Ignoring entity 'xmajercik-fiit-stu' when running a sweep.
wandb: Tracking run with wandb version 0.22.3
wandb: Run data is saved locally in /Users/tomasmajercik/School/5_semester/ZNEUS/project1/wandb/run-20251109_155952-f0tqge2y
wandb: Run `wandb offline` to turn off syncing.
wandb: Syncing run solar-sweep-35
wandb: ⭐️ View project at https://wandb.ai/xmajercik-fiit-stu/bioresponse-mlp
wandb: 🧹 View sweep at https://wandb.ai/xmajercik-fiit-stu/bioresponse-mlp/sweeps/1cfqgjo7
wandb: 🚀 View run at https://wandb.ai/xmajercik-fiit-stu/bioresponse-mlp/runs/f0tqge2y
wandb: updating run metadata; uploading artifact run-f0tqge2y-final_conf_mat_table; uploading wandb-metadata.json
wandb: uploading artifact run-f0tqge2y-final_conf_mat_table; uploading output.log; uploading wandb-summary.json; uploading config.yaml
wandb: uploading artifact run-f0tqge2y-final_conf_mat_table
wandb: uploading history steps 1-10, summary, console lines 0-4
wandb: 
wandb: Run history:
wandb:        epoch ▁▂▃▃▄▅▆▆▇█
wandb:   train_loss █▃▂▂▁▂▁▂▁▂
wandb: val_accuracy ▁▁█▆█▆███▅
wandb:       val_f1 ▃▁█▆█████▆
wandb:     val_loss █▄▁▂▁▁▁▂▁▃
wandb: 
wandb: Run summary:
wandb:        epoch 10
wandb:   train_loss 0.69209
wandb: val_accuracy 0.52267
wandb:       val_f1 0.62474
wandb:     val_loss 0.69122
wandb: 
wandb: 🚀 View run run_lr0.0124_bs128_optadam at: https://wandb.ai/xmajercik-fiit-stu/bioresponse-mlp/runs/f0tqge2y
wandb: ⭐️ View project at: https://wandb.ai/xmajercik-fiit-stu/bioresponse-mlp
wandb: Synced 5 W&B file(s), 1 media file(s), 2 artifact file(s) and 0 other file(s)
wandb: Find logs at: ./wandb/run-20251109_155952-f0tqge2y/logs
wandb: Agent Starting Run: b3jgznlm with config:
wandb: 	model.activation: tanh
wandb: 	model.batch_norm: False
wandb: 	model.dropout: 0.5
wandb: 	model.hidden_layers: [128, 256]
wandb: 	training.batch_size: 64
wandb: 	training.early_stopping.counter: 0
wandb: 	training.early_stopping.patience: 5
wandb: 	training.epochs: 40
wandb: 	training.learning_rate: 0.0003739935222602429
wandb: 	training.optimizer: adamw
wandb: WARNING Ignoring project 'bioresponse-mlp' when running a sweep.
wandb: WARNING Ignoring entity 'xmajercik-fiit-stu' when running a sweep.
wandb: Tracking run with wandb version 0.22.3
wandb: Run data is saved locally in /Users/tomasmajercik/School/5_semester/ZNEUS/project1/wandb/run-20251109_155957-b3jgznlm
wandb: Run `wandb offline` to turn off syncing.
wandb: Syncing run fallen-sweep-36
wandb: ⭐️ View project at https://wandb.ai/xmajercik-fiit-stu/bioresponse-mlp
wandb: 🧹 View sweep at https://wandb.ai/xmajercik-fiit-stu/bioresponse-mlp/sweeps/1cfqgjo7
wandb: 🚀 View run at https://wandb.ai/xmajercik-fiit-stu/bioresponse-mlp/runs/b3jgznlm
wandb: updating run metadata; uploading artifact run-b3jgznlm-final_conf_mat_table
wandb: uploading artifact run-b3jgznlm-final_conf_mat_table; uploading output.log; uploading wandb-summary.json; uploading config.yaml
wandb: uploading artifact run-b3jgznlm-final_conf_mat_table
wandb: uploading history steps 1-7, summary, console lines 0-3
wandb: 
wandb: Run history:
wandb:        epoch ▁▂▃▅▆▇█
wandb:   train_loss █▃▇▇▃▁▂
wandb: val_accuracy ██▁███▁
wandb:       val_f1 ██▁███▁
wandb:     val_loss ▁▁▇▁█▃▃
wandb: 
wandb: Run summary:
wandb:        epoch 7
wandb:   train_loss 0.70161
wandb: val_accuracy 0.45867
wandb:       val_f1 0
wandb:     val_loss 0.6952
wandb: 
wandb: 🚀 View run run_lr0.0004_bs64_optadamw at: https://wandb.ai/xmajercik-fiit-stu/bioresponse-mlp/runs/b3jgznlm
wandb: ⭐️ View project at: https://wandb.ai/xmajercik-fiit-stu/bioresponse-mlp
wandb: Synced 5 W&B file(s), 1 media file(s), 2 artifact file(s) and 0 other file(s)
wandb: Find logs at: ./wandb/run-20251109_155957-b3jgznlm/logs
wandb: Agent Starting Run: 2jwrynpe with config:
wandb: 	model.activation: tanh
wandb: 	model.batch_norm: True
wandb: 	model.dropout: 0.3
wandb: 	model.hidden_layers: [512, 256, 128, 64]
wandb: 	training.batch_size: 64
wandb: 	training.early_stopping.counter: 0
wandb: 	training.early_stopping.patience: 3
wandb: 	training.epochs: 40
wandb: 	training.learning_rate: 0.0974312899555598
wandb: 	training.optimizer: adam
wandb: WARNING Ignoring project 'bioresponse-mlp' when running a sweep.
wandb: WARNING Ignoring entity 'xmajercik-fiit-stu' when running a sweep.
wandb: setting up run 2jwrynpe
wandb: Tracking run with wandb version 0.22.3
wandb: Run data is saved locally in /Users/tomasmajercik/School/5_semester/ZNEUS/project1/wandb/run-20251109_160002-2jwrynpe
wandb: Run `wandb offline` to turn off syncing.
wandb: Syncing run glorious-sweep-37
wandb: ⭐️ View project at https://wandb.ai/xmajercik-fiit-stu/bioresponse-mlp
wandb: 🧹 View sweep at https://wandb.ai/xmajercik-fiit-stu/bioresponse-mlp/sweeps/1cfqgjo7
wandb: 🚀 View run at https://wandb.ai/xmajercik-fiit-stu/bioresponse-mlp/runs/2jwrynpe
wandb: updating run metadata; uploading artifact run-2jwrynpe-final_conf_mat_table
wandb: uploading artifact run-2jwrynpe-final_conf_mat_table; uploading output.log; uploading wandb-summary.json; uploading config.yaml
wandb: uploading artifact run-2jwrynpe-final_conf_mat_table; uploading wandb-summary.json
wandb: uploading artifact run-2jwrynpe-final_conf_mat_table
wandb: 
wandb: Run history:
wandb:        epoch ▁▂▄▅▇█
wandb:   train_loss █▃▂▁▂▁
wandb: val_accuracy ▁▆███▁
wandb:       val_f1 ▄▇███▁
wandb:     val_loss ▄▁▁█▃▂
wandb: 
wandb: Run summary:
wandb:        epoch 6
wandb:   train_loss 0.69925
wandb: val_accuracy 0.49333
wandb:       val_f1 0.33099
wandb:     val_loss 0.69483
wandb: 
wandb: 🚀 View run run_lr0.0974_bs64_optadam at: https://wandb.ai/xmajercik-fiit-stu/bioresponse-mlp/runs/2jwrynpe
wandb: ⭐️ View project at: https://wandb.ai/xmajercik-fiit-stu/bioresponse-mlp
wandb: Synced 5 W&B file(s), 1 media file(s), 2 artifact file(s) and 0 other file(s)
wandb: Find logs at: ./wandb/run-20251109_160002-2jwrynpe/logs
wandb: Agent Starting Run: dlw6o9zf with config:
wandb: 	model.activation: relu
wandb: 	model.batch_norm: True
wandb: 	model.dropout: 0.3
wandb: 	model.hidden_layers: [128, 128, 64, 128, 64]
wandb: 	training.batch_size: 128
wandb: 	training.early_stopping.counter: 0
wandb: 	training.early_stopping.patience: 3
wandb: 	training.epochs: 40
wandb: 	training.learning_rate: 0.06455943970233398
wandb: 	training.optimizer: adam
wandb: WARNING Ignoring project 'bioresponse-mlp' when running a sweep.
wandb: WARNING Ignoring entity 'xmajercik-fiit-stu' when running a sweep.
wandb: Tracking run with wandb version 0.22.3
wandb: Run data is saved locally in /Users/tomasmajercik/School/5_semester/ZNEUS/project1/wandb/run-20251109_160013-dlw6o9zf
wandb: Run `wandb offline` to turn off syncing.
wandb: Syncing run trim-sweep-38
wandb: ⭐️ View project at https://wandb.ai/xmajercik-fiit-stu/bioresponse-mlp
wandb: 🧹 View sweep at https://wandb.ai/xmajercik-fiit-stu/bioresponse-mlp/sweeps/1cfqgjo7
wandb: 🚀 View run at https://wandb.ai/xmajercik-fiit-stu/bioresponse-mlp/runs/dlw6o9zf
wandb: updating run metadata; uploading artifact run-dlw6o9zf-final_conf_mat_table
wandb: uploading artifact run-dlw6o9zf-final_conf_mat_table; uploading output.log; uploading wandb-summary.json; uploading config.yaml
wandb: uploading artifact run-dlw6o9zf-final_conf_mat_table; uploading wandb-summary.json
wandb: uploading history steps 0-14, summary, console lines 0-4
wandb: 
wandb: Run history:
wandb:        epoch ▁▂▂▃▃▄▄▅▅▆▆▇▇█
wandb:   train_loss █▂▁▁▁▁▁▁▁▁▁▁▁▁
wandb: val_accuracy ▁█████████████
wandb:       val_f1 ▁█████████████
wandb:     val_loss █▃▂▁▂▂▁▃▂▂▁▂▂▂
wandb: 
wandb: Run summary:
wandb:        epoch 14
wandb:   train_loss 0.68981
wandb: val_accuracy 0.54133
wandb:       val_f1 0.70242
wandb:     val_loss 0.68957
wandb: 
wandb: 🚀 View run run_lr0.0646_bs128_optadam at: https://wandb.ai/xmajercik-fiit-stu/bioresponse-mlp/runs/dlw6o9zf
wandb: ⭐️ View project at: https://wandb.ai/xmajercik-fiit-stu/bioresponse-mlp
wandb: Synced 5 W&B file(s), 1 media file(s), 2 artifact file(s) and 0 other file(s)
wandb: Find logs at: ./wandb/run-20251109_160013-dlw6o9zf/logs
wandb: Agent Starting Run: 210n6oda with config:
wandb: 	model.activation: relu
wandb: 	model.batch_norm: True
wandb: 	model.dropout: 0.2
wandb: 	model.hidden_layers: [128, 256]
wandb: 	training.batch_size: 256
wandb: 	training.early_stopping.counter: 0
wandb: 	training.early_stopping.patience: 8
wandb: 	training.epochs: 40
wandb: 	training.learning_rate: 0.029280967668636984
wandb: 	training.optimizer: rmsprop
wandb: WARNING Ignoring project 'bioresponse-mlp' when running a sweep.
wandb: WARNING Ignoring entity 'xmajercik-fiit-stu' when running a sweep.
wandb: Tracking run with wandb version 0.22.3
wandb: Run data is saved locally in /Users/tomasmajercik/School/5_semester/ZNEUS/project1/wandb/run-20251109_160023-210n6oda
wandb: Run `wandb offline` to turn off syncing.
wandb: Syncing run rare-sweep-39
wandb: ⭐️ View project at https://wandb.ai/xmajercik-fiit-stu/bioresponse-mlp
wandb: 🧹 View sweep at https://wandb.ai/xmajercik-fiit-stu/bioresponse-mlp/sweeps/1cfqgjo7
wandb: 🚀 View run at https://wandb.ai/xmajercik-fiit-stu/bioresponse-mlp/runs/210n6oda
wandb: updating run metadata; uploading artifact run-210n6oda-final_conf_mat_table
wandb: uploading artifact run-210n6oda-final_conf_mat_table; uploading output.log; uploading wandb-summary.json; uploading config.yaml
wandb: uploading artifact run-210n6oda-final_conf_mat_table
wandb: uploading history steps 0-15, summary, console lines 0-4
wandb: 
wandb: Run history:
wandb:        epoch ▁▁▂▃▃▃▄▅▅▅▆▇▇▇█
wandb:   train_loss █▁▁▁▁▁▁▁▁▁▁▁▁▁▁
wandb: val_accuracy ▂▁██▇██▇▇▇█████
wandb:       val_f1 ▁▁██▇██▇███████
wandb:     val_loss █▅▁▁▂▁▁▁▁▂▁▄▁▁▁
wandb: 
wandb: Run summary:
wandb:        epoch 15
wandb:   train_loss 0.68945
wandb: val_accuracy 0.54133
wandb:       val_f1 0.70242
wandb:     val_loss 0.69023
wandb: 
wandb: 🚀 View run run_lr0.0293_bs256_optrmsprop at: https://wandb.ai/xmajercik-fiit-stu/bioresponse-mlp/runs/210n6oda
wandb: ⭐️ View project at: https://wandb.ai/xmajercik-fiit-stu/bioresponse-mlp
wandb: Synced 5 W&B file(s), 1 media file(s), 2 artifact file(s) and 0 other file(s)
wandb: Find logs at: ./wandb/run-20251109_160023-210n6oda/logs
wandb: Agent Starting Run: 4uonfvqr with config:
wandb: 	model.activation: tanh
wandb: 	model.batch_norm: False
wandb: 	model.dropout: 0.5
wandb: 	model.hidden_layers: [128, 128, 64, 128, 64]
wandb: 	training.batch_size: 256
wandb: 	training.early_stopping.counter: 0
wandb: 	training.early_stopping.patience: 5
wandb: 	training.epochs: 40
wandb: 	training.learning_rate: 0.007463324061049022
wandb: 	training.optimizer: adam
wandb: WARNING Ignoring project 'bioresponse-mlp' when running a sweep.
wandb: WARNING Ignoring entity 'xmajercik-fiit-stu' when running a sweep.
wandb: Tracking run with wandb version 0.22.3
wandb: Run data is saved locally in /Users/tomasmajercik/School/5_semester/ZNEUS/project1/wandb/run-20251109_160029-4uonfvqr
wandb: Run `wandb offline` to turn off syncing.
wandb: Syncing run major-sweep-40
wandb: ⭐️ View project at https://wandb.ai/xmajercik-fiit-stu/bioresponse-mlp
wandb: 🧹 View sweep at https://wandb.ai/xmajercik-fiit-stu/bioresponse-mlp/sweeps/1cfqgjo7
wandb: 🚀 View run at https://wandb.ai/xmajercik-fiit-stu/bioresponse-mlp/runs/4uonfvqr
wandb: updating run metadata; uploading artifact run-4uonfvqr-final_conf_mat_table
wandb: uploading artifact run-4uonfvqr-final_conf_mat_table; uploading output.log; uploading wandb-summary.json; uploading config.yaml
wandb: uploading artifact run-4uonfvqr-final_conf_mat_table
wandb: uploading history steps 0-10, summary, console lines 0-4
wandb: 
wandb: Run history:
wandb:        epoch ▁▂▃▃▄▅▆▆▇█
wandb:   train_loss █▆▂▂▂▂▁▃▂▃
wandb: val_accuracy ██████▁▁██
wandb:       val_f1 ██████▁▁██
wandb:     val_loss ▂▁▁▅▁▂▆█▂▂
wandb: 
wandb: Run summary:
wandb:        epoch 10
wandb:   train_loss 0.69444
wandb: val_accuracy 0.54133
wandb:       val_f1 0.70242
wandb:     val_loss 0.68876
wandb: 
wandb: 🚀 View run run_lr0.0075_bs256_optadam at: https://wandb.ai/xmajercik-fiit-stu/bioresponse-mlp/runs/4uonfvqr
wandb: ⭐️ View project at: https://wandb.ai/xmajercik-fiit-stu/bioresponse-mlp
wandb: Synced 5 W&B file(s), 1 media file(s), 2 artifact file(s) and 0 other file(s)
wandb: Find logs at: ./wandb/run-20251109_160029-4uonfvqr/logs
wandb: Agent Starting Run: 65sr8nsf with config:
wandb: 	model.activation: relu
wandb: 	model.batch_norm: False
wandb: 	model.dropout: 0.5
wandb: 	model.hidden_layers: [512, 256, 128, 64]
wandb: 	training.batch_size: 256
wandb: 	training.early_stopping.counter: 0
wandb: 	training.early_stopping.patience: 5
wandb: 	training.epochs: 40
wandb: 	training.learning_rate: 0.00016476407362160268
wandb: 	training.optimizer: rmsprop
wandb: WARNING Ignoring project 'bioresponse-mlp' when running a sweep.
wandb: WARNING Ignoring entity 'xmajercik-fiit-stu' when running a sweep.
wandb: Tracking run with wandb version 0.22.3
wandb: Run data is saved locally in /Users/tomasmajercik/School/5_semester/ZNEUS/project1/wandb/run-20251109_160034-65sr8nsf
wandb: Run `wandb offline` to turn off syncing.
wandb: Syncing run flowing-sweep-41
wandb: ⭐️ View project at https://wandb.ai/xmajercik-fiit-stu/bioresponse-mlp
wandb: 🧹 View sweep at https://wandb.ai/xmajercik-fiit-stu/bioresponse-mlp/sweeps/1cfqgjo7
wandb: 🚀 View run at https://wandb.ai/xmajercik-fiit-stu/bioresponse-mlp/runs/65sr8nsf
wandb: updating run metadata; uploading artifact run-65sr8nsf-final_conf_mat_table
wandb: uploading artifact run-65sr8nsf-final_conf_mat_table; uploading wandb-summary.json; uploading config.yaml
wandb: uploading artifact run-65sr8nsf-final_conf_mat_table
wandb: uploading history steps 0-11, summary, console lines 0-4
wandb: 
wandb: Run history:
wandb:        epoch ▁▂▂▃▄▅▅▆▇▇█
wandb:   train_loss █▃▂▁▁▁▁▁▁▁▁
wandb: val_accuracy ▁█▁▂███▅███
wandb:       val_f1 ▁█▂▃███▆███
wandb:     val_loss █▁▆▅▂▁▂▃▂▂▂
wandb: 
wandb: Run summary:
wandb:        epoch 11
wandb:   train_loss 0.85216
wandb: val_accuracy 0.54133
wandb:       val_f1 0.70242
wandb:     val_loss 0.69104
wandb: 
wandb: 🚀 View run run_lr0.0002_bs256_optrmsprop at: https://wandb.ai/xmajercik-fiit-stu/bioresponse-mlp/runs/65sr8nsf
wandb: ⭐️ View project at: https://wandb.ai/xmajercik-fiit-stu/bioresponse-mlp
wandb: Synced 5 W&B file(s), 1 media file(s), 2 artifact file(s) and 0 other file(s)
wandb: Find logs at: ./wandb/run-20251109_160034-65sr8nsf/logs
wandb: Agent Starting Run: kge7ffhq with config:
wandb: 	model.activation: tanh
wandb: 	model.batch_norm: True
wandb: 	model.dropout: 0.5
wandb: 	model.hidden_layers: [128, 128, 64, 128, 64]
wandb: 	training.batch_size: 64
wandb: 	training.early_stopping.counter: 0
wandb: 	training.early_stopping.patience: 5
wandb: 	training.epochs: 40
wandb: 	training.learning_rate: 0.088019732789395
wandb: 	training.optimizer: adam
wandb: WARNING Ignoring project 'bioresponse-mlp' when running a sweep.
wandb: WARNING Ignoring entity 'xmajercik-fiit-stu' when running a sweep.
wandb: Tracking run with wandb version 0.22.3
wandb: Run data is saved locally in /Users/tomasmajercik/School/5_semester/ZNEUS/project1/wandb/run-20251109_160039-kge7ffhq
wandb: Run `wandb offline` to turn off syncing.
wandb: Syncing run comic-sweep-42
wandb: ⭐️ View project at https://wandb.ai/xmajercik-fiit-stu/bioresponse-mlp
wandb: 🧹 View sweep at https://wandb.ai/xmajercik-fiit-stu/bioresponse-mlp/sweeps/1cfqgjo7
wandb: 🚀 View run at https://wandb.ai/xmajercik-fiit-stu/bioresponse-mlp/runs/kge7ffhq
wandb: updating run metadata; uploading artifact run-kge7ffhq-final_conf_mat_table
wandb: uploading artifact run-kge7ffhq-final_conf_mat_table; uploading media/table/final_conf_mat_table_14_ce1ba7bf9cad42f82259.table.json; uploading wandb-summary.json; uploading config.yaml
wandb: uploading artifact run-kge7ffhq-final_conf_mat_table
wandb: 
wandb: Run history:
wandb:        epoch ▁▂▂▃▃▄▄▅▅▆▆▇▇█
wandb:   train_loss █▂▁▁▂▂▂▃▂▁▂▂▄▂
wandb: val_accuracy ██▄▄█▆███▁█▁██
wandb:       val_f1 ██▃▃█▅███▂█▁██
wandb:     val_loss ▆▂▃█▁▁█▂▁▄▄▃▅▄
wandb: 
wandb: Run summary:
wandb:        epoch 14
wandb:   train_loss 0.71969
wandb: val_accuracy 0.54133
wandb:       val_f1 0.70242
wandb:     val_loss 0.70465
wandb: 
wandb: 🚀 View run run_lr0.0880_bs64_optadam at: https://wandb.ai/xmajercik-fiit-stu/bioresponse-mlp/runs/kge7ffhq
wandb: ⭐️ View project at: https://wandb.ai/xmajercik-fiit-stu/bioresponse-mlp
wandb: Synced 5 W&B file(s), 1 media file(s), 2 artifact file(s) and 0 other file(s)
wandb: Find logs at: ./wandb/run-20251109_160039-kge7ffhq/logs
wandb: Agent Starting Run: 0p9ytoe3 with config:
wandb: 	model.activation: tanh
wandb: 	model.batch_norm: False
wandb: 	model.dropout: 0.2
wandb: 	model.hidden_layers: [128, 128, 64, 128, 64]
wandb: 	training.batch_size: 64
wandb: 	training.early_stopping.counter: 0
wandb: 	training.early_stopping.patience: 3
wandb: 	training.epochs: 40
wandb: 	training.learning_rate: 0.01929843963714769
wandb: 	training.optimizer: rmsprop
wandb: WARNING Ignoring project 'bioresponse-mlp' when running a sweep.
wandb: WARNING Ignoring entity 'xmajercik-fiit-stu' when running a sweep.
wandb: Tracking run with wandb version 0.22.3
wandb: Run data is saved locally in /Users/tomasmajercik/School/5_semester/ZNEUS/project1/wandb/run-20251109_160050-0p9ytoe3
wandb: Run `wandb offline` to turn off syncing.
wandb: Syncing run sage-sweep-43
wandb: ⭐️ View project at https://wandb.ai/xmajercik-fiit-stu/bioresponse-mlp
wandb: 🧹 View sweep at https://wandb.ai/xmajercik-fiit-stu/bioresponse-mlp/sweeps/1cfqgjo7
wandb: 🚀 View run at https://wandb.ai/xmajercik-fiit-stu/bioresponse-mlp/runs/0p9ytoe3
wandb: updating run metadata; uploading artifact run-0p9ytoe3-final_conf_mat_table
wandb: uploading artifact run-0p9ytoe3-final_conf_mat_table; uploading wandb-summary.json; uploading media/table/final_conf_mat_table_6_380c924e57f91af4429a.table.json; uploading output.log; uploading config.yaml
wandb: uploading artifact run-0p9ytoe3-final_conf_mat_table
wandb: 
wandb: Run history:
wandb:        epoch ▁▂▄▅▇█
wandb:   train_loss █▁▂▁▁▁
wandb: val_accuracy ▁███▁▁
wandb:       val_f1 ▁███▁▁
wandb:     val_loss ▂▅▁▁█▄
wandb: 
wandb: Run summary:
wandb:        epoch 6
wandb:   train_loss 0.75419
wandb: val_accuracy 0.45867
wandb:       val_f1 0
wandb:     val_loss 0.77815
wandb: 
wandb: 🚀 View run run_lr0.0193_bs64_optrmsprop at: https://wandb.ai/xmajercik-fiit-stu/bioresponse-mlp/runs/0p9ytoe3
wandb: ⭐️ View project at: https://wandb.ai/xmajercik-fiit-stu/bioresponse-mlp
wandb: Synced 5 W&B file(s), 1 media file(s), 2 artifact file(s) and 0 other file(s)
wandb: Find logs at: ./wandb/run-20251109_160050-0p9ytoe3/logs
wandb: Agent Starting Run: 3phk6yhj with config:
wandb: 	model.activation: tanh
wandb: 	model.batch_norm: False
wandb: 	model.dropout: 0.2
wandb: 	model.hidden_layers: [256, 128, 64]
wandb: 	training.batch_size: 128
wandb: 	training.early_stopping.counter: 0
wandb: 	training.early_stopping.patience: 5
wandb: 	training.epochs: 40
wandb: 	training.learning_rate: 0.08502776244228161
wandb: 	training.optimizer: rmsprop
wandb: WARNING Ignoring project 'bioresponse-mlp' when running a sweep.
wandb: WARNING Ignoring entity 'xmajercik-fiit-stu' when running a sweep.
wandb: Tracking run with wandb version 0.22.3
wandb: Run data is saved locally in /Users/tomasmajercik/School/5_semester/ZNEUS/project1/wandb/run-20251109_160055-3phk6yhj
wandb: Run `wandb offline` to turn off syncing.
wandb: Syncing run earnest-sweep-44
wandb: ⭐️ View project at https://wandb.ai/xmajercik-fiit-stu/bioresponse-mlp
wandb: 🧹 View sweep at https://wandb.ai/xmajercik-fiit-stu/bioresponse-mlp/sweeps/1cfqgjo7
wandb: 🚀 View run at https://wandb.ai/xmajercik-fiit-stu/bioresponse-mlp/runs/3phk6yhj
wandb: updating run metadata; uploading artifact run-3phk6yhj-final_conf_mat_table
wandb: uploading artifact run-3phk6yhj-final_conf_mat_table; uploading wandb-summary.json; uploading media/table/final_conf_mat_table_6_380c924e57f91af4429a.table.json; uploading config.yaml
wandb: uploading artifact run-3phk6yhj-final_conf_mat_table
wandb: uploading history steps 0-6, summary, console lines 0-3
wandb: 
wandb: Run history:
wandb:        epoch ▁▂▄▅▇█
wandb:   train_loss ▁█████
wandb: val_accuracy ▁▁▁▁▁▁
wandb:       val_f1 ▁▁▁▁▁▁
wandb:     val_loss ▁▁▁▁▁▁
wandb: 
wandb: Run summary:
wandb:        epoch 6
wandb:   train_loss 45.94959
wandb: val_accuracy 0.54133
wandb:       val_f1 0.70242
wandb:     val_loss 45.77644
wandb: 
wandb: 🚀 View run run_lr0.0850_bs128_optrmsprop at: https://wandb.ai/xmajercik-fiit-stu/bioresponse-mlp/runs/3phk6yhj
wandb: ⭐️ View project at: https://wandb.ai/xmajercik-fiit-stu/bioresponse-mlp
wandb: Synced 5 W&B file(s), 1 media file(s), 2 artifact file(s) and 0 other file(s)
wandb: Find logs at: ./wandb/run-20251109_160055-3phk6yhj/logs
wandb: Agent Starting Run: 7rr3f56m with config:
wandb: 	model.activation: tanh
wandb: 	model.batch_norm: True
wandb: 	model.dropout: 0.2
wandb: 	model.hidden_layers: [64, 128, 256]
wandb: 	training.batch_size: 128
wandb: 	training.early_stopping.counter: 0
wandb: 	training.early_stopping.patience: 5
wandb: 	training.epochs: 40
wandb: 	training.learning_rate: 0.09897966503199251
wandb: 	training.optimizer: adamw
wandb: WARNING Ignoring project 'bioresponse-mlp' when running a sweep.
wandb: WARNING Ignoring entity 'xmajercik-fiit-stu' when running a sweep.
wandb: Tracking run with wandb version 0.22.3
wandb: Run data is saved locally in /Users/tomasmajercik/School/5_semester/ZNEUS/project1/wandb/run-20251109_160101-7rr3f56m
wandb: Run `wandb offline` to turn off syncing.
wandb: Syncing run flowing-sweep-45
wandb: ⭐️ View project at https://wandb.ai/xmajercik-fiit-stu/bioresponse-mlp
wandb: 🧹 View sweep at https://wandb.ai/xmajercik-fiit-stu/bioresponse-mlp/sweeps/1cfqgjo7
wandb: 🚀 View run at https://wandb.ai/xmajercik-fiit-stu/bioresponse-mlp/runs/7rr3f56m
wandb: updating run metadata; uploading artifact run-7rr3f56m-final_conf_mat_table; uploading wandb-metadata.json
wandb: uploading artifact run-7rr3f56m-final_conf_mat_table; uploading media/table/final_conf_mat_table_12_380c924e57f91af4429a.table.json; uploading output.log; uploading wandb-summary.json; uploading config.yaml
wandb: uploading artifact run-7rr3f56m-final_conf_mat_table
wandb: uploading history steps 0-12, summary, console lines 0-4
wandb: 
wandb: Run history:
wandb:        epoch ▁▂▂▃▄▄▅▅▆▇▇█
wandb:   train_loss █▂▂▁▁▁▁▁▁▁▁▁
wandb: val_accuracy ▃▇▁▄▃▃██▅█▁█
wandb:       val_f1 ▃▆▂▄▂▄██▇█▁█
wandb:     val_loss ██▆▂▂▃▁▁▂▁▂▂
wandb: 
wandb: Run summary:
wandb:        epoch 12
wandb:   train_loss 0.69828
wandb: val_accuracy 0.54133
wandb:       val_f1 0.70242
wandb:     val_loss 0.69381
wandb: 
wandb: 🚀 View run run_lr0.0990_bs128_optadamw at: https://wandb.ai/xmajercik-fiit-stu/bioresponse-mlp/runs/7rr3f56m
wandb: ⭐️ View project at: https://wandb.ai/xmajercik-fiit-stu/bioresponse-mlp
wandb: Synced 5 W&B file(s), 1 media file(s), 2 artifact file(s) and 0 other file(s)
wandb: Find logs at: ./wandb/run-20251109_160101-7rr3f56m/logs
wandb: Agent Starting Run: iz6xtorl with config:
wandb: 	model.activation: relu
wandb: 	model.batch_norm: False
wandb: 	model.dropout: 0.2
wandb: 	model.hidden_layers: [64, 128, 256]
wandb: 	training.batch_size: 128
wandb: 	training.early_stopping.counter: 0
wandb: 	training.early_stopping.patience: 5
wandb: 	training.epochs: 40
wandb: 	training.learning_rate: 0.0013045921764056085
wandb: 	training.optimizer: adamw
wandb: WARNING Ignoring project 'bioresponse-mlp' when running a sweep.
wandb: WARNING Ignoring entity 'xmajercik-fiit-stu' when running a sweep.
wandb: Tracking run with wandb version 0.22.3
wandb: Run data is saved locally in /Users/tomasmajercik/School/5_semester/ZNEUS/project1/wandb/run-20251109_160106-iz6xtorl
wandb: Run `wandb offline` to turn off syncing.
wandb: Syncing run ruby-sweep-46
wandb: ⭐️ View project at https://wandb.ai/xmajercik-fiit-stu/bioresponse-mlp
wandb: 🧹 View sweep at https://wandb.ai/xmajercik-fiit-stu/bioresponse-mlp/sweeps/1cfqgjo7
wandb: 🚀 View run at https://wandb.ai/xmajercik-fiit-stu/bioresponse-mlp/runs/iz6xtorl
wandb: updating run metadata; uploading artifact run-iz6xtorl-final_conf_mat_table
wandb: uploading artifact run-iz6xtorl-final_conf_mat_table; uploading output.log; uploading wandb-summary.json; uploading config.yaml
wandb: uploading artifact run-iz6xtorl-final_conf_mat_table
wandb: uploading history steps 1-29, summary, console lines 0-5
wandb: 
wandb: Run history:
wandb:        epoch ▁▁▁▂▂▂▃▃▃▃▃▄▄▄▅▅▅▅▅▆▆▆▇▇▇▇▇██
wandb:   train_loss █▂▁▁▁▁▁▁▁▁▁▁▁▁▁▁▁▁▁▁▁▁▁▁▁▁▁▁▁
wandb: val_accuracy ▁█▃▃█████████████████████████
wandb:       val_f1 ▁█▄▂█████████████████████████
wandb:     val_loss █▂▁▁▁▁▁▁▁▁▁▁▁▁▁▁▁▁▁▁▁▁▁▁▁▁▁▁▁
wandb: 
wandb: Run summary:
wandb:        epoch 29
wandb:   train_loss 0.6921
wandb: val_accuracy 0.54133
wandb:       val_f1 0.70242
wandb:     val_loss 0.68959
wandb: 
wandb: 🚀 View run run_lr0.0013_bs128_optadamw at: https://wandb.ai/xmajercik-fiit-stu/bioresponse-mlp/runs/iz6xtorl
wandb: ⭐️ View project at: https://wandb.ai/xmajercik-fiit-stu/bioresponse-mlp
wandb: Synced 5 W&B file(s), 1 media file(s), 2 artifact file(s) and 0 other file(s)
wandb: Find logs at: ./wandb/run-20251109_160106-iz6xtorl/logs
wandb: Sweep Agent: Waiting for job.
wandb: Job received.
wandb: Agent Starting Run: o80lzt61 with config:
wandb: 	model.activation: tanh
wandb: 	model.batch_norm: False
wandb: 	model.dropout: 0.5
wandb: 	model.hidden_layers: [128, 128, 64, 128, 64]
wandb: 	training.batch_size: 256
wandb: 	training.early_stopping.counter: 0
wandb: 	training.early_stopping.patience: 8
wandb: 	training.epochs: 40
wandb: 	training.learning_rate: 0.010899173498732862
wandb: 	training.optimizer: rmsprop
wandb: WARNING Ignoring project 'bioresponse-mlp' when running a sweep.
wandb: WARNING Ignoring entity 'xmajercik-fiit-stu' when running a sweep.
wandb: Tracking run with wandb version 0.22.3
wandb: Run data is saved locally in /Users/tomasmajercik/School/5_semester/ZNEUS/project1/wandb/run-20251109_160121-o80lzt61
wandb: Run `wandb offline` to turn off syncing.
wandb: Syncing run crisp-sweep-47
wandb: ⭐️ View project at https://wandb.ai/xmajercik-fiit-stu/bioresponse-mlp
wandb: 🧹 View sweep at https://wandb.ai/xmajercik-fiit-stu/bioresponse-mlp/sweeps/1cfqgjo7
wandb: 🚀 View run at https://wandb.ai/xmajercik-fiit-stu/bioresponse-mlp/runs/o80lzt61
wandb: updating run metadata; uploading artifact run-o80lzt61-final_conf_mat_table
wandb: uploading artifact run-o80lzt61-final_conf_mat_table; uploading output.log; uploading wandb-summary.json; uploading config.yaml
wandb: uploading artifact run-o80lzt61-final_conf_mat_table; uploading wandb-summary.json
wandb: uploading history steps 1-37, summary, console lines 0-6
wandb: 
wandb: Run history:
wandb:        epoch ▁▁▁▂▂▂▂▂▃▃▃▃▃▄▄▄▄▄▅▅▅▅▅▅▆▆▆▆▆▇▇▇▇▇███
wandb:   train_loss █▂▁▁▂▁▁▁▁▁▁▁▁▁▁▁▁▁▁▁▁▁▁▁▁▁▁▁▁▁▁▁▁▁▁▁▁
wandb: val_accuracy █▁▁███▁█▁▁▁██▁█▁█▁███▁█▁██▁██▁▁▁█████
wandb:       val_f1 █▁▁███▁█▁▁▁██▁█▁█▁███▁█▁██▁██▁▁▁█████
wandb:     val_loss ▄▃█▂▁▃▂▁▃▂▃▂▂▃▃▂▁▂▁▁▁▄▃▄▁▃▂▁▁▆▂▃▁▁▁▁▁
wandb: 
wandb: Run summary:
wandb:        epoch 37
wandb:   train_loss 0.69373
wandb: val_accuracy 0.54133
wandb:       val_f1 0.70242
wandb:     val_loss 0.6903
wandb: 
wandb: 🚀 View run run_lr0.0109_bs256_optrmsprop at: https://wandb.ai/xmajercik-fiit-stu/bioresponse-mlp/runs/o80lzt61
wandb: ⭐️ View project at: https://wandb.ai/xmajercik-fiit-stu/bioresponse-mlp
wandb: Synced 5 W&B file(s), 1 media file(s), 2 artifact file(s) and 0 other file(s)
wandb: Find logs at: ./wandb/run-20251109_160121-o80lzt61/logs
wandb: Sweep Agent: Waiting for job.
wandb: Job received.
wandb: Agent Starting Run: pe6swvxj with config:
wandb: 	model.activation: tanh
wandb: 	model.batch_norm: False
wandb: 	model.dropout: 0.3
wandb: 	model.hidden_layers: [512, 256, 128, 64]
wandb: 	training.batch_size: 256
wandb: 	training.early_stopping.counter: 0
wandb: 	training.early_stopping.patience: 5
wandb: 	training.epochs: 40
wandb: 	training.learning_rate: 0.002378672339982608
wandb: 	training.optimizer: sgd
wandb: WARNING Ignoring project 'bioresponse-mlp' when running a sweep.
wandb: WARNING Ignoring entity 'xmajercik-fiit-stu' when running a sweep.
wandb: Tracking run with wandb version 0.22.3
wandb: Run data is saved locally in /Users/tomasmajercik/School/5_semester/ZNEUS/project1/wandb/run-20251109_160137-pe6swvxj
wandb: Run `wandb offline` to turn off syncing.
wandb: Syncing run crisp-sweep-48
wandb: ⭐️ View project at https://wandb.ai/xmajercik-fiit-stu/bioresponse-mlp
wandb: 🧹 View sweep at https://wandb.ai/xmajercik-fiit-stu/bioresponse-mlp/sweeps/1cfqgjo7
wandb: 🚀 View run at https://wandb.ai/xmajercik-fiit-stu/bioresponse-mlp/runs/pe6swvxj
wandb: updating run metadata; uploading artifact run-pe6swvxj-final_conf_mat_table
wandb: uploading artifact run-pe6swvxj-final_conf_mat_table; uploading output.log; uploading wandb-summary.json; uploading config.yaml
wandb: uploading artifact run-pe6swvxj-final_conf_mat_table
wandb: 
wandb: Run history:
wandb:        epoch ▁▁▁▂▂▂▂▃▃▃▃▃▄▄▄▄▅▅▅▅▅▆▆▆▆▆▇▇▇▇███
wandb:   train_loss █▇▆▄▄▅▅▄▆▆▇▄▆▅▄▅▅▄▆▃▄▅▄▅▅▃▄▁▅▅▅▅▅
wandb: val_accuracy ▁▁███████████████████████████████
wandb:       val_f1 ▁▁███████████████████████████████
wandb:     val_loss █▆▅▄▃▃▂▂▂▂▁▁▁▁▁▁▁▁▁▁▁▁▁▁▁▁▁▁▁▁▁▁▁
wandb: 
wandb: Run summary:
wandb:        epoch 33
wandb:   train_loss 0.69258
wandb: val_accuracy 0.54133
wandb:       val_f1 0.70242
wandb:     val_loss 0.68807
wandb: 
wandb: 🚀 View run run_lr0.0024_bs256_optsgd at: https://wandb.ai/xmajercik-fiit-stu/bioresponse-mlp/runs/pe6swvxj
wandb: ⭐️ View project at: https://wandb.ai/xmajercik-fiit-stu/bioresponse-mlp
wandb: Synced 5 W&B file(s), 1 media file(s), 2 artifact file(s) and 0 other file(s)
wandb: Find logs at: ./wandb/run-20251109_160137-pe6swvxj/logs
wandb: Sweep Agent: Waiting for job.
wandb: Job received.
wandb: Agent Starting Run: k6nzbdxt with config:
wandb: 	model.activation: relu
wandb: 	model.batch_norm: True
wandb: 	model.dropout: 0.5
wandb: 	model.hidden_layers: [64, 128, 256]
wandb: 	training.batch_size: 128
wandb: 	training.early_stopping.counter: 0
wandb: 	training.early_stopping.patience: 8
wandb: 	training.epochs: 40
wandb: 	training.learning_rate: 0.01114285661340053
wandb: 	training.optimizer: rmsprop
wandb: WARNING Ignoring project 'bioresponse-mlp' when running a sweep.
wandb: WARNING Ignoring entity 'xmajercik-fiit-stu' when running a sweep.
wandb: Tracking run with wandb version 0.22.3
wandb: Run data is saved locally in /Users/tomasmajercik/School/5_semester/ZNEUS/project1/wandb/run-20251109_160153-k6nzbdxt
wandb: Run `wandb offline` to turn off syncing.
wandb: Syncing run neat-sweep-49
wandb: ⭐️ View project at https://wandb.ai/xmajercik-fiit-stu/bioresponse-mlp
wandb: 🧹 View sweep at https://wandb.ai/xmajercik-fiit-stu/bioresponse-mlp/sweeps/1cfqgjo7
wandb: 🚀 View run at https://wandb.ai/xmajercik-fiit-stu/bioresponse-mlp/runs/k6nzbdxt
wandb: updating run metadata; uploading artifact run-k6nzbdxt-final_conf_mat_table
wandb: uploading artifact run-k6nzbdxt-final_conf_mat_table; uploading media/table/final_conf_mat_table_26_380c924e57f91af4429a.table.json; uploading output.log; uploading wandb-summary.json; uploading config.yaml
wandb: uploading artifact run-k6nzbdxt-final_conf_mat_table
wandb: uploading history steps 0-26, summary, console lines 0-5
wandb: 
wandb: Run history:
wandb:        epoch ▁▁▂▂▂▂▃▃▃▄▄▄▄▅▅▅▅▆▆▆▇▇▇▇██
wandb:   train_loss █▂▁▁▁▁▁▁▁▁▁▁▁▁▁▁▁▁▁▁▁▁▁▁▁▁
wandb: val_accuracy ▁▃█▂█▅██▄▄█▃▄███▄█▇▅████▄█
wandb:       val_f1 ▂▂█▁█▆██▆▅█▂▃███▆█▇▇████▅█
wandb:     val_loss █▃▂▂▁▄▁▁▁▁▁▂▂▁▁▁▂▁▁▁▁▁▁▁▁▁
wandb: 
wandb: Run summary:
wandb:        epoch 26
wandb:   train_loss 0.69353
wandb: val_accuracy 0.54133
wandb:       val_f1 0.70242
wandb:     val_loss 0.6885
wandb: 
wandb: 🚀 View run run_lr0.0111_bs128_optrmsprop at: https://wandb.ai/xmajercik-fiit-stu/bioresponse-mlp/runs/k6nzbdxt
wandb: ⭐️ View project at: https://wandb.ai/xmajercik-fiit-stu/bioresponse-mlp
wandb: Synced 5 W&B file(s), 1 media file(s), 2 artifact file(s) and 0 other file(s)
wandb: Find logs at: ./wandb/run-20251109_160153-k6nzbdxt/logs
wandb: Sweep Agent: Waiting for job.
wandb: Job received.
wandb: Agent Starting Run: y7y38u7e with config:
wandb: 	model.activation: relu
wandb: 	model.batch_norm: False
wandb: 	model.dropout: 0.3
wandb: 	model.hidden_layers: [128, 256]
wandb: 	training.batch_size: 128
wandb: 	training.early_stopping.counter: 0
wandb: 	training.early_stopping.patience: 8
wandb: 	training.epochs: 40
wandb: 	training.learning_rate: 0.001792267605438874
wandb: 	training.optimizer: sgd
wandb: WARNING Ignoring project 'bioresponse-mlp' when running a sweep.
wandb: WARNING Ignoring entity 'xmajercik-fiit-stu' when running a sweep.
wandb: Tracking run with wandb version 0.22.3
wandb: Run data is saved locally in /Users/tomasmajercik/School/5_semester/ZNEUS/project1/wandb/run-20251109_160208-y7y38u7e
wandb: Run `wandb offline` to turn off syncing.
wandb: Syncing run true-sweep-50
wandb: ⭐️ View project at https://wandb.ai/xmajercik-fiit-stu/bioresponse-mlp
wandb: 🧹 View sweep at https://wandb.ai/xmajercik-fiit-stu/bioresponse-mlp/sweeps/1cfqgjo7
wandb: 🚀 View run at https://wandb.ai/xmajercik-fiit-stu/bioresponse-mlp/runs/y7y38u7e
wandb: updating run metadata; uploading artifact run-y7y38u7e-final_conf_mat_table
wandb: uploading artifact run-y7y38u7e-final_conf_mat_table; uploading wandb-summary.json; uploading media/table/final_conf_mat_table_35_93e835c692a11a322c82.table.json; uploading output.log; uploading config.yaml
wandb: uploading artifact run-y7y38u7e-final_conf_mat_table
wandb: 
wandb: Run history:
wandb:        epoch ▁▁▁▂▂▂▂▂▃▃▃▃▃▄▄▄▄▅▅▅▅▅▆▆▆▆▆▇▇▇▇▇███
wandb:   train_loss ███████▇██▇▆▆▄▁▁▁▁▁▁▁▁▁▁▁▁▁▁▁▁▁▁▁▁▁
wandb: val_accuracy ██████████████▁▁▄▁▆▅▃▇▇▁▁▁▆▁▁▁▁▁▁▃▁
wandb:       val_f1 ██████████████▁▁▆▁▇▇▆██▁▁▁▇▁▁▁▁▁▁▆▁
wandb:     val_loss ██████▅███▇▇▅▁▁▁▁▁▁▁▁▁▁▁▁▁▁▁▁▁▁▁▁▁▁
wandb: 
wandb: Run summary:
wandb:        epoch 35
wandb:   train_loss 0.69408
wandb: val_accuracy 0.45867
wandb:       val_f1 0
wandb:     val_loss 0.69383
wandb: 
wandb: 🚀 View run run_lr0.0018_bs128_optsgd at: https://wandb.ai/xmajercik-fiit-stu/bioresponse-mlp/runs/y7y38u7e
wandb: ⭐️ View project at: https://wandb.ai/xmajercik-fiit-stu/bioresponse-mlp
wandb: Synced 5 W&B file(s), 1 media file(s), 2 artifact file(s) and 0 other file(s)
wandb: Find logs at: ./wandb/run-20251109_160208-y7y38u7e/logs
wandb: Agent Starting Run: jl4b17z5 with config:
wandb: 	model.activation: tanh
wandb: 	model.batch_norm: True
wandb: 	model.dropout: 0.3
wandb: 	model.hidden_layers: [64, 128, 256]
wandb: 	training.batch_size: 64
wandb: 	training.early_stopping.counter: 0
wandb: 	training.early_stopping.patience: 8
wandb: 	training.epochs: 40
wandb: 	training.learning_rate: 0.0017417310784954333
wandb: 	training.optimizer: adam
wandb: WARNING Ignoring project 'bioresponse-mlp' when running a sweep.
wandb: WARNING Ignoring entity 'xmajercik-fiit-stu' when running a sweep.
wandb: setting up run jl4b17z5
wandb: Tracking run with wandb version 0.22.3
wandb: Run data is saved locally in /Users/tomasmajercik/School/5_semester/ZNEUS/project1/wandb/run-20251109_160214-jl4b17z5
wandb: Run `wandb offline` to turn off syncing.
wandb: Syncing run warm-sweep-51
wandb: ⭐️ View project at https://wandb.ai/xmajercik-fiit-stu/bioresponse-mlp
wandb: 🧹 View sweep at https://wandb.ai/xmajercik-fiit-stu/bioresponse-mlp/sweeps/1cfqgjo7
wandb: 🚀 View run at https://wandb.ai/xmajercik-fiit-stu/bioresponse-mlp/runs/jl4b17z5
wandb: updating run metadata; uploading artifact run-jl4b17z5-final_conf_mat_table
wandb: uploading artifact run-jl4b17z5-final_conf_mat_table; uploading output.log; uploading wandb-summary.json; uploading config.yaml
wandb: uploading artifact run-jl4b17z5-final_conf_mat_table
wandb: uploading history steps 0-40, summary, console lines 0-6
wandb: 
wandb: Run history:
wandb:        epoch ▁▁▁▂▂▂▂▂▂▃▃▃▃▃▄▄▄▄▄▄▅▅▅▅▅▅▆▆▆▆▆▇▇▇▇▇▇███
wandb:   train_loss █▇▇▇▇▆▇▇▇▆▇▆▆▆▆▆▅▆▅▅▄▅▄▃▂▃▂▂▄▂▃▂▂▂▂▁▂▂▁▂
wandb: val_accuracy ▁▁▃▃▃▃▃▂▂▃▃▃▂▃▃▁▃▃▃▃▄▃▆▂▃▆▇▅▂▃█▄▆▇▆▇▅▇▅█
wandb:       val_f1 ▄▅▇▇▇▇▇▆▆▆▇▇▅▇▆▁▇▇▇▆▇▇▇▁▄▇█▆▁▇█▇█▇█▇██▇█
wandb:     val_loss ▅▅▄▅▅▄▄▅▅▅▄▄▅▆▅▇▄▄▅▄▅▅▂█▆▂▁▃▆▇▂▄▂▁▂▂▃▂▃▁
wandb: 
wandb: Run summary:
wandb:        epoch 40
wandb:   train_loss 0.59539
wandb: val_accuracy 0.744
wandb:       val_f1 0.76238
wandb:     val_loss 0.58031
wandb: 
wandb: 🚀 View run run_lr0.0017_bs64_optadam at: https://wandb.ai/xmajercik-fiit-stu/bioresponse-mlp/runs/jl4b17z5
wandb: ⭐️ View project at: https://wandb.ai/xmajercik-fiit-stu/bioresponse-mlp
wandb: Synced 5 W&B file(s), 1 media file(s), 2 artifact file(s) and 0 other file(s)
wandb: Find logs at: ./wandb/run-20251109_160214-jl4b17z5/logs
wandb: Agent Starting Run: 3no06fku with config:
wandb: 	model.activation: relu
wandb: 	model.batch_norm: True
wandb: 	model.dropout: 0.2
wandb: 	model.hidden_layers: [128, 128, 64, 128, 64]
wandb: 	training.batch_size: 128
wandb: 	training.early_stopping.counter: 0
wandb: 	training.early_stopping.patience: 3
wandb: 	training.epochs: 40
wandb: 	training.learning_rate: 0.003705281125383965
wandb: 	training.optimizer: sgd
wandb: WARNING Ignoring project 'bioresponse-mlp' when running a sweep.
wandb: WARNING Ignoring entity 'xmajercik-fiit-stu' when running a sweep.
wandb: Tracking run with wandb version 0.22.3
wandb: Run data is saved locally in /Users/tomasmajercik/School/5_semester/ZNEUS/project1/wandb/run-20251109_160225-3no06fku
wandb: Run `wandb offline` to turn off syncing.
wandb: Syncing run stilted-sweep-52
wandb: ⭐️ View project at https://wandb.ai/xmajercik-fiit-stu/bioresponse-mlp
wandb: 🧹 View sweep at https://wandb.ai/xmajercik-fiit-stu/bioresponse-mlp/sweeps/1cfqgjo7
wandb: 🚀 View run at https://wandb.ai/xmajercik-fiit-stu/bioresponse-mlp/runs/3no06fku
wandb: updating run metadata; uploading artifact run-3no06fku-final_conf_mat_table
wandb: uploading artifact run-3no06fku-final_conf_mat_table; uploading output.log; uploading wandb-summary.json; uploading config.yaml
wandb: uploading artifact run-3no06fku-final_conf_mat_table
wandb: uploading history steps 0-31, summary, console lines 0-6
wandb: 
wandb: Run history:
wandb:        epoch ▁▁▁▂▂▂▂▃▃▃▃▄▄▄▄▅▅▅▅▅▆▆▆▆▇▇▇▇███
wandb:   train_loss █▇▅▆▄▄▄▃▄▃▃▃▁▃▂▃▃▂▂▂▂▃▃▃▁▂▁▂▂▂▂
wandb: val_accuracy ▁▁▂▂▂▃▃▄▄▃▅▅▅▅▆▆▅▆▆▅▅▇▇▆▇▇█▄▇▇▆
wandb:       val_f1 ▁▁▂▃▃▄▄▅▆▆▆▆▆▆▇▇▇▇▇▇▇▇▇▇▇▇█▇██▇
wandb:     val_loss ██▆▅▅▄▃▃▃▂▂▂▂▂▂▂▂▂▁▁▁▁▁▁▁▁▁▁▁▁▁
wandb: 
wandb: Run summary:
wandb:        epoch 31
wandb:   train_loss 0.70082
wandb: val_accuracy 0.51467
wandb:       val_f1 0.56667
wandb:     val_loss 0.69202
wandb: 
wandb: 🚀 View run run_lr0.0037_bs128_optsgd at: https://wandb.ai/xmajercik-fiit-stu/bioresponse-mlp/runs/3no06fku
wandb: ⭐️ View project at: https://wandb.ai/xmajercik-fiit-stu/bioresponse-mlp
wandb: Synced 5 W&B file(s), 1 media file(s), 2 artifact file(s) and 0 other file(s)
wandb: Find logs at: ./wandb/run-20251109_160225-3no06fku/logs
wandb: Agent Starting Run: f61xfpw0 with config:
wandb: 	model.activation: tanh
wandb: 	model.batch_norm: True
wandb: 	model.dropout: 0.2
wandb: 	model.hidden_layers: [128, 128, 64, 128, 64]
wandb: 	training.batch_size: 64
wandb: 	training.early_stopping.counter: 0
wandb: 	training.early_stopping.patience: 3
wandb: 	training.epochs: 40
wandb: 	training.learning_rate: 0.005989018190633132
wandb: 	training.optimizer: adam
wandb: WARNING Ignoring project 'bioresponse-mlp' when running a sweep.
wandb: WARNING Ignoring entity 'xmajercik-fiit-stu' when running a sweep.
wandb: setting up run f61xfpw0
wandb: Tracking run with wandb version 0.22.3
wandb: Run data is saved locally in /Users/tomasmajercik/School/5_semester/ZNEUS/project1/wandb/run-20251109_160235-f61xfpw0
wandb: Run `wandb offline` to turn off syncing.
wandb: Syncing run misty-sweep-53
wandb: ⭐️ View project at https://wandb.ai/xmajercik-fiit-stu/bioresponse-mlp
wandb: 🧹 View sweep at https://wandb.ai/xmajercik-fiit-stu/bioresponse-mlp/sweeps/1cfqgjo7
wandb: 🚀 View run at https://wandb.ai/xmajercik-fiit-stu/bioresponse-mlp/runs/f61xfpw0
wandb: updating run metadata; uploading artifact run-f61xfpw0-final_conf_mat_table
wandb: uploading artifact run-f61xfpw0-final_conf_mat_table; uploading output.log; uploading wandb-summary.json; uploading config.yaml
wandb: uploading artifact run-f61xfpw0-final_conf_mat_table
wandb: uploading history steps 0-6, summary, console lines 1-3
wandb: 
wandb: Run history:
wandb:        epoch ▁▂▄▅▇█
wandb:   train_loss █▂▁▂▁▂
wandb: val_accuracy ▂▃█▇▇▁
wandb:       val_f1 ▂▃█▅▅▁
wandb:     val_loss ▄▄▁▃▃█
wandb: 
wandb: Run summary:
wandb:        epoch 6
wandb:   train_loss 0.69481
wandb: val_accuracy 0.488
wandb:       val_f1 0.49738
wandb:     val_loss 0.69913
wandb: 
wandb: 🚀 View run run_lr0.0060_bs64_optadam at: https://wandb.ai/xmajercik-fiit-stu/bioresponse-mlp/runs/f61xfpw0
wandb: ⭐️ View project at: https://wandb.ai/xmajercik-fiit-stu/bioresponse-mlp
wandb: Synced 5 W&B file(s), 1 media file(s), 2 artifact file(s) and 0 other file(s)
wandb: Find logs at: ./wandb/run-20251109_160235-f61xfpw0/logs
wandb: Sweep Agent: Waiting for job.
wandb: Job received.
wandb: Agent Starting Run: f4d51dym with config:
wandb: 	model.activation: tanh
wandb: 	model.batch_norm: False
wandb: 	model.dropout: 0.2
wandb: 	model.hidden_layers: [256, 128, 64]
wandb: 	training.batch_size: 128
wandb: 	training.early_stopping.counter: 0
wandb: 	training.early_stopping.patience: 8
wandb: 	training.epochs: 40
wandb: 	training.learning_rate: 0.07240446056773613
wandb: 	training.optimizer: rmsprop
wandb: WARNING Ignoring project 'bioresponse-mlp' when running a sweep.
wandb: WARNING Ignoring entity 'xmajercik-fiit-stu' when running a sweep.
wandb: Tracking run with wandb version 0.22.3
wandb: Run data is saved locally in /Users/tomasmajercik/School/5_semester/ZNEUS/project1/wandb/run-20251109_160250-f4d51dym
wandb: Run `wandb offline` to turn off syncing.
wandb: Syncing run exalted-sweep-54
wandb: ⭐️ View project at https://wandb.ai/xmajercik-fiit-stu/bioresponse-mlp
wandb: 🧹 View sweep at https://wandb.ai/xmajercik-fiit-stu/bioresponse-mlp/sweeps/1cfqgjo7
wandb: 🚀 View run at https://wandb.ai/xmajercik-fiit-stu/bioresponse-mlp/runs/f4d51dym
wandb: updating run metadata; uploading artifact run-f4d51dym-final_conf_mat_table
wandb: uploading artifact run-f4d51dym-final_conf_mat_table; uploading output.log; uploading wandb-summary.json; uploading config.yaml
wandb: uploading artifact run-f4d51dym-final_conf_mat_table
wandb: uploading history steps 1-9, summary, console lines 0-3
wandb: 
wandb: Run history:
wandb:        epoch ▁▂▃▄▅▅▆▇█
wandb:   train_loss ▁████████
wandb: val_accuracy ▁▁▁▁▁▁▁▁▁
wandb:       val_f1 ▁▁▁▁▁▁▁▁▁
wandb:     val_loss ▁▁▁▁▁▁▁▁▁
wandb: 
wandb: Run summary:
wandb:        epoch 9
wandb:   train_loss 45.61477
wandb: val_accuracy 0.54133
wandb:       val_f1 0.70242
wandb:     val_loss 45.77644
wandb: 
wandb: 🚀 View run run_lr0.0724_bs128_optrmsprop at: https://wandb.ai/xmajercik-fiit-stu/bioresponse-mlp/runs/f4d51dym
wandb: ⭐️ View project at: https://wandb.ai/xmajercik-fiit-stu/bioresponse-mlp
wandb: Synced 5 W&B file(s), 1 media file(s), 2 artifact file(s) and 0 other file(s)
wandb: Find logs at: ./wandb/run-20251109_160250-f4d51dym/logs
wandb: Agent Starting Run: jht5ivyi with config:
wandb: 	model.activation: relu
wandb: 	model.batch_norm: False
wandb: 	model.dropout: 0.5
wandb: 	model.hidden_layers: [256, 128, 64]
wandb: 	training.batch_size: 128
wandb: 	training.early_stopping.counter: 0
wandb: 	training.early_stopping.patience: 3
wandb: 	training.epochs: 40
wandb: 	training.learning_rate: 0.0003455257065948774
wandb: 	training.optimizer: adam
wandb: WARNING Ignoring project 'bioresponse-mlp' when running a sweep.
wandb: WARNING Ignoring entity 'xmajercik-fiit-stu' when running a sweep.
wandb: Tracking run with wandb version 0.22.3
wandb: Run data is saved locally in /Users/tomasmajercik/School/5_semester/ZNEUS/project1/wandb/run-20251109_160256-jht5ivyi
wandb: Run `wandb offline` to turn off syncing.
wandb: Syncing run sunny-sweep-55
wandb: ⭐️ View project at https://wandb.ai/xmajercik-fiit-stu/bioresponse-mlp
wandb: 🧹 View sweep at https://wandb.ai/xmajercik-fiit-stu/bioresponse-mlp/sweeps/1cfqgjo7
wandb: 🚀 View run at https://wandb.ai/xmajercik-fiit-stu/bioresponse-mlp/runs/jht5ivyi
wandb: updating run metadata; uploading artifact run-jht5ivyi-final_conf_mat_table
wandb: uploading artifact run-jht5ivyi-final_conf_mat_table; uploading config.yaml
wandb: uploading artifact run-jht5ivyi-final_conf_mat_table
wandb: uploading history steps 0-6, summary, console lines 0-3
wandb: 
wandb: Run history:
wandb:        epoch ▁▂▄▅▇█
wandb:   train_loss ██▅▃▂▁
wandb: val_accuracy ██▇▁▁▁
wandb:       val_f1 ███▁▁▁
wandb:     val_loss █▁▁▁▁▁
wandb: 
wandb: Run summary:
wandb:        epoch 6
wandb:   train_loss 3.25003
wandb: val_accuracy 0.45867
wandb:       val_f1 0
wandb:     val_loss 0.74612
wandb: 
wandb: 🚀 View run run_lr0.0003_bs128_optadam at: https://wandb.ai/xmajercik-fiit-stu/bioresponse-mlp/runs/jht5ivyi
wandb: ⭐️ View project at: https://wandb.ai/xmajercik-fiit-stu/bioresponse-mlp
wandb: Synced 5 W&B file(s), 1 media file(s), 2 artifact file(s) and 0 other file(s)
wandb: Find logs at: ./wandb/run-20251109_160256-jht5ivyi/logs
wandb: Agent Starting Run: su8zkm0k with config:
wandb: 	model.activation: tanh
wandb: 	model.batch_norm: False
wandb: 	model.dropout: 0.5
wandb: 	model.hidden_layers: [128, 128, 64, 128, 64]
wandb: 	training.batch_size: 256
wandb: 	training.early_stopping.counter: 0
wandb: 	training.early_stopping.patience: 5
wandb: 	training.epochs: 40
wandb: 	training.learning_rate: 0.06511776959321662
wandb: 	training.optimizer: adam
wandb: WARNING Ignoring project 'bioresponse-mlp' when running a sweep.
wandb: WARNING Ignoring entity 'xmajercik-fiit-stu' when running a sweep.
wandb: Tracking run with wandb version 0.22.3
wandb: Run data is saved locally in /Users/tomasmajercik/School/5_semester/ZNEUS/project1/wandb/run-20251109_160301-su8zkm0k
wandb: Run `wandb offline` to turn off syncing.
wandb: Syncing run fearless-sweep-56
wandb: ⭐️ View project at https://wandb.ai/xmajercik-fiit-stu/bioresponse-mlp
wandb: 🧹 View sweep at https://wandb.ai/xmajercik-fiit-stu/bioresponse-mlp/sweeps/1cfqgjo7
wandb: 🚀 View run at https://wandb.ai/xmajercik-fiit-stu/bioresponse-mlp/runs/su8zkm0k
wandb: updating run metadata; uploading artifact run-su8zkm0k-final_conf_mat_table
wandb: uploading artifact run-su8zkm0k-final_conf_mat_table; uploading output.log; uploading wandb-summary.json; uploading config.yaml
wandb: uploading artifact run-su8zkm0k-final_conf_mat_table
wandb: uploading history steps 0-6, summary, console lines 0-3
wandb: 
wandb: Run history:
wandb:        epoch ▁▂▄▅▇█
wandb:   train_loss █▃▂▃▁▁
wandb: val_accuracy █▁▁▁▁█
wandb:       val_f1 █▁▁▁▁█
wandb:     val_loss ▁▅█▄▃▁
wandb: 
wandb: Run summary:
wandb:        epoch 6
wandb:   train_loss 0.7054
wandb: val_accuracy 0.54133
wandb:       val_f1 0.70242
wandb:     val_loss 0.68998
wandb: 
wandb: 🚀 View run run_lr0.0651_bs256_optadam at: https://wandb.ai/xmajercik-fiit-stu/bioresponse-mlp/runs/su8zkm0k
wandb: ⭐️ View project at: https://wandb.ai/xmajercik-fiit-stu/bioresponse-mlp
wandb: Synced 5 W&B file(s), 1 media file(s), 2 artifact file(s) and 0 other file(s)
wandb: Find logs at: ./wandb/run-20251109_160301-su8zkm0k/logs
wandb: Agent Starting Run: mbnopvgi with config:
wandb: 	model.activation: relu
wandb: 	model.batch_norm: False
wandb: 	model.dropout: 0.5
wandb: 	model.hidden_layers: [64, 128, 256]
wandb: 	training.batch_size: 64
wandb: 	training.early_stopping.counter: 0
wandb: 	training.early_stopping.patience: 3
wandb: 	training.epochs: 40
wandb: 	training.learning_rate: 0.011334921788385617
wandb: 	training.optimizer: rmsprop
wandb: WARNING Ignoring project 'bioresponse-mlp' when running a sweep.
wandb: WARNING Ignoring entity 'xmajercik-fiit-stu' when running a sweep.
wandb: Tracking run with wandb version 0.22.3
wandb: Run data is saved locally in /Users/tomasmajercik/School/5_semester/ZNEUS/project1/wandb/run-20251109_160307-mbnopvgi
wandb: Run `wandb offline` to turn off syncing.
wandb: Syncing run eager-sweep-57
wandb: ⭐️ View project at https://wandb.ai/xmajercik-fiit-stu/bioresponse-mlp
wandb: 🧹 View sweep at https://wandb.ai/xmajercik-fiit-stu/bioresponse-mlp/sweeps/1cfqgjo7
wandb: 🚀 View run at https://wandb.ai/xmajercik-fiit-stu/bioresponse-mlp/runs/mbnopvgi
wandb: updating run metadata; uploading artifact run-mbnopvgi-final_conf_mat_table
wandb: uploading artifact run-mbnopvgi-final_conf_mat_table; uploading output.log; uploading wandb-summary.json; uploading config.yaml
wandb: uploading artifact run-mbnopvgi-final_conf_mat_table
wandb: 
wandb: Run history:
wandb:        epoch ▁▃▆█
wandb:   train_loss █▁▁▁
wandb: val_accuracy ▁▁▁▁
wandb:       val_f1 ▁▁▁▁
wandb:     val_loss ▁▁▁▁
wandb: 
wandb: Run summary:
wandb:        epoch 4
wandb:   train_loss 45.80642
wandb: val_accuracy 0.54133
wandb:       val_f1 0.70242
wandb:     val_loss 45.81439
wandb: 
wandb: 🚀 View run run_lr0.0113_bs64_optrmsprop at: https://wandb.ai/xmajercik-fiit-stu/bioresponse-mlp/runs/mbnopvgi
wandb: ⭐️ View project at: https://wandb.ai/xmajercik-fiit-stu/bioresponse-mlp
wandb: Synced 5 W&B file(s), 1 media file(s), 2 artifact file(s) and 0 other file(s)
wandb: Find logs at: ./wandb/run-20251109_160307-mbnopvgi/logs
wandb: Agent Starting Run: k8a5lpd6 with config:
wandb: 	model.activation: tanh
wandb: 	model.batch_norm: False
wandb: 	model.dropout: 0.3
wandb: 	model.hidden_layers: [512, 256, 128, 64]
wandb: 	training.batch_size: 64
wandb: 	training.early_stopping.counter: 0
wandb: 	training.early_stopping.patience: 3
wandb: 	training.epochs: 40
wandb: 	training.learning_rate: 0.0015241280688484229
wandb: 	training.optimizer: adamw
wandb: WARNING Ignoring project 'bioresponse-mlp' when running a sweep.
wandb: WARNING Ignoring entity 'xmajercik-fiit-stu' when running a sweep.
wandb: Tracking run with wandb version 0.22.3
wandb: Run data is saved locally in /Users/tomasmajercik/School/5_semester/ZNEUS/project1/wandb/run-20251109_160312-k8a5lpd6
wandb: Run `wandb offline` to turn off syncing.
wandb: Syncing run lilac-sweep-58
wandb: ⭐️ View project at https://wandb.ai/xmajercik-fiit-stu/bioresponse-mlp
wandb: 🧹 View sweep at https://wandb.ai/xmajercik-fiit-stu/bioresponse-mlp/sweeps/1cfqgjo7
wandb: 🚀 View run at https://wandb.ai/xmajercik-fiit-stu/bioresponse-mlp/runs/k8a5lpd6
wandb: updating run metadata; uploading artifact run-k8a5lpd6-final_conf_mat_table
wandb: uploading artifact run-k8a5lpd6-final_conf_mat_table; uploading wandb-summary.json; uploading config.yaml
wandb: uploading artifact run-k8a5lpd6-final_conf_mat_table
wandb: 
wandb: Run history:
wandb:        epoch ▁▃▆█
wandb:   train_loss █▁▃▁
wandb: val_accuracy ██▁█
wandb:       val_f1 ██▁█
wandb:     val_loss ▁▃█▂
wandb: 
wandb: Run summary:
wandb:        epoch 4
wandb:   train_loss 0.69734
wandb: val_accuracy 0.54133
wandb:       val_f1 0.70242
wandb:     val_loss 0.69057
wandb: 
wandb: 🚀 View run run_lr0.0015_bs64_optadamw at: https://wandb.ai/xmajercik-fiit-stu/bioresponse-mlp/runs/k8a5lpd6
wandb: ⭐️ View project at: https://wandb.ai/xmajercik-fiit-stu/bioresponse-mlp
wandb: Synced 5 W&B file(s), 1 media file(s), 2 artifact file(s) and 0 other file(s)
wandb: Find logs at: ./wandb/run-20251109_160312-k8a5lpd6/logs
wandb: Agent Starting Run: hbzjjpw0 with config:
wandb: 	model.activation: tanh
wandb: 	model.batch_norm: True
wandb: 	model.dropout: 0.3
wandb: 	model.hidden_layers: [512]
wandb: 	training.batch_size: 128
wandb: 	training.early_stopping.counter: 0
wandb: 	training.early_stopping.patience: 5
wandb: 	training.epochs: 40
wandb: 	training.learning_rate: 0.006436616551896815
wandb: 	training.optimizer: adamw
wandb: WARNING Ignoring project 'bioresponse-mlp' when running a sweep.
wandb: WARNING Ignoring entity 'xmajercik-fiit-stu' when running a sweep.
wandb: Tracking run with wandb version 0.22.3
wandb: Run data is saved locally in /Users/tomasmajercik/School/5_semester/ZNEUS/project1/wandb/run-20251109_160317-hbzjjpw0
wandb: Run `wandb offline` to turn off syncing.
wandb: Syncing run jolly-sweep-59
wandb: ⭐️ View project at https://wandb.ai/xmajercik-fiit-stu/bioresponse-mlp
wandb: 🧹 View sweep at https://wandb.ai/xmajercik-fiit-stu/bioresponse-mlp/sweeps/1cfqgjo7
wandb: 🚀 View run at https://wandb.ai/xmajercik-fiit-stu/bioresponse-mlp/runs/hbzjjpw0
wandb: updating run metadata; uploading artifact run-hbzjjpw0-final_conf_mat_table
wandb: uploading artifact run-hbzjjpw0-final_conf_mat_table; uploading media/table/final_conf_mat_table_16_a8a23c9201b2443fca33.table.json; uploading output.log; uploading wandb-summary.json; uploading config.yaml
wandb: uploading artifact run-hbzjjpw0-final_conf_mat_table
wandb: uploading history steps 0-16, summary, console lines 0-4
wandb: 
wandb: Run history:
wandb:        epoch ▁▁▂▂▃▃▄▄▅▅▆▆▇▇██
wandb:   train_loss █▂▂▄▂▁▂▃▆▁▁▁▁▂▃▁
wandb: val_accuracy ▂▁▃▃▆▆█▃▂▆▄▃▃▃▃▃
wandb:       val_f1 ▅▁▄▇██▇▅▂▅█▅▅█▇▃
wandb:     val_loss ▆▄▃▄▂▂▂▃▂▂▁▄█▁▁▁
wandb: 
wandb: Run summary:
wandb:        epoch 16
wandb:   train_loss 0.6817
wandb: val_accuracy 0.54933
wandb:       val_f1 0.57644
wandb:     val_loss 0.67338
wandb: 
wandb: 🚀 View run run_lr0.0064_bs128_optadamw at: https://wandb.ai/xmajercik-fiit-stu/bioresponse-mlp/runs/hbzjjpw0
wandb: ⭐️ View project at: https://wandb.ai/xmajercik-fiit-stu/bioresponse-mlp
wandb: Synced 5 W&B file(s), 1 media file(s), 2 artifact file(s) and 0 other file(s)
wandb: Find logs at: ./wandb/run-20251109_160317-hbzjjpw0/logs
wandb: Sweep Agent: Waiting for job.
wandb: Job received.
wandb: Agent Starting Run: 9so09eyg with config:
wandb: 	model.activation: relu
wandb: 	model.batch_norm: False
wandb: 	model.dropout: 0.5
wandb: 	model.hidden_layers: [128, 256]
wandb: 	training.batch_size: 256
wandb: 	training.early_stopping.counter: 0
wandb: 	training.early_stopping.patience: 3
wandb: 	training.epochs: 40
wandb: 	training.learning_rate: 0.0004943529171052596
wandb: 	training.optimizer: rmsprop
wandb: WARNING Ignoring project 'bioresponse-mlp' when running a sweep.
wandb: WARNING Ignoring entity 'xmajercik-fiit-stu' when running a sweep.
wandb: Tracking run with wandb version 0.22.3
wandb: Run data is saved locally in /Users/tomasmajercik/School/5_semester/ZNEUS/project1/wandb/run-20251109_160332-9so09eyg
wandb: Run `wandb offline` to turn off syncing.
wandb: Syncing run whole-sweep-60
wandb: ⭐️ View project at https://wandb.ai/xmajercik-fiit-stu/bioresponse-mlp
wandb: 🧹 View sweep at https://wandb.ai/xmajercik-fiit-stu/bioresponse-mlp/sweeps/1cfqgjo7
wandb: 🚀 View run at https://wandb.ai/xmajercik-fiit-stu/bioresponse-mlp/runs/9so09eyg
wandb: updating run metadata; uploading artifact run-9so09eyg-final_conf_mat_table
wandb: uploading artifact run-9so09eyg-final_conf_mat_table; uploading output.log; uploading wandb-summary.json; uploading config.yaml
wandb: uploading artifact run-9so09eyg-final_conf_mat_table
wandb: 
wandb: Run history:
wandb:        epoch ▁▃▅▆█
wandb:   train_loss ▇█▅▁▄
wandb: val_accuracy █▁▁▁▁
wandb:       val_f1 █▁▁▁▁
wandb:     val_loss █▁▁▁▁
wandb: 
wandb: Run summary:
wandb:        epoch 5
wandb:   train_loss 37.31875
wandb: val_accuracy 0.53867
wandb:       val_f1 0.70017
wandb:     val_loss 40.77994
wandb: 
wandb: 🚀 View run run_lr0.0005_bs256_optrmsprop at: https://wandb.ai/xmajercik-fiit-stu/bioresponse-mlp/runs/9so09eyg
wandb: ⭐️ View project at: https://wandb.ai/xmajercik-fiit-stu/bioresponse-mlp
wandb: Synced 5 W&B file(s), 1 media file(s), 2 artifact file(s) and 0 other file(s)
wandb: Find logs at: ./wandb/run-20251109_160332-9so09eyg/logs
wandb: Agent Starting Run: aqjsrem9 with config:
wandb: 	model.activation: tanh
wandb: 	model.batch_norm: False
wandb: 	model.dropout: 0.2
wandb: 	model.hidden_layers: [64, 128, 256]
wandb: 	training.batch_size: 64
wandb: 	training.early_stopping.counter: 0
wandb: 	training.early_stopping.patience: 5
wandb: 	training.epochs: 40
wandb: 	training.learning_rate: 0.014398216848828275
wandb: 	training.optimizer: adamw
wandb: WARNING Ignoring project 'bioresponse-mlp' when running a sweep.
wandb: WARNING Ignoring entity 'xmajercik-fiit-stu' when running a sweep.
wandb: Tracking run with wandb version 0.22.3
wandb: Run data is saved locally in /Users/tomasmajercik/School/5_semester/ZNEUS/project1/wandb/run-20251109_160338-aqjsrem9
wandb: Run `wandb offline` to turn off syncing.
wandb: Syncing run laced-sweep-61
wandb: ⭐️ View project at https://wandb.ai/xmajercik-fiit-stu/bioresponse-mlp
wandb: 🧹 View sweep at https://wandb.ai/xmajercik-fiit-stu/bioresponse-mlp/sweeps/1cfqgjo7
wandb: 🚀 View run at https://wandb.ai/xmajercik-fiit-stu/bioresponse-mlp/runs/aqjsrem9
wandb: updating run metadata; uploading artifact run-aqjsrem9-final_conf_mat_table
wandb: uploading artifact run-aqjsrem9-final_conf_mat_table; uploading output.log; uploading wandb-summary.json; uploading config.yaml
wandb: uploading artifact run-aqjsrem9-final_conf_mat_table
wandb: 
wandb: Run history:
wandb:        epoch ▁▂▄▅▇█
wandb:   train_loss █▁▂▂▂▁
wandb: val_accuracy ██▁█▁█
wandb:       val_f1 ██▁█▁█
wandb:     val_loss ▁▁▃▁█▂
wandb: 
wandb: Run summary:
wandb:        epoch 6
wandb:   train_loss 0.7087
wandb: val_accuracy 0.54133
wandb:       val_f1 0.70242
wandb:     val_loss 0.70571
wandb: 
wandb: 🚀 View run run_lr0.0144_bs64_optadamw at: https://wandb.ai/xmajercik-fiit-stu/bioresponse-mlp/runs/aqjsrem9
wandb: ⭐️ View project at: https://wandb.ai/xmajercik-fiit-stu/bioresponse-mlp
wandb: Synced 5 W&B file(s), 1 media file(s), 2 artifact file(s) and 0 other file(s)
wandb: Find logs at: ./wandb/run-20251109_160338-aqjsrem9/logs
wandb: Agent Starting Run: ia1f378x with config:
wandb: 	model.activation: relu
wandb: 	model.batch_norm: False
wandb: 	model.dropout: 0.5
wandb: 	model.hidden_layers: [512, 256, 128, 64]
wandb: 	training.batch_size: 128
wandb: 	training.early_stopping.counter: 0
wandb: 	training.early_stopping.patience: 8
wandb: 	training.epochs: 40
wandb: 	training.learning_rate: 0.00706962881578997
wandb: 	training.optimizer: adamw
wandb: WARNING Ignoring project 'bioresponse-mlp' when running a sweep.
wandb: WARNING Ignoring entity 'xmajercik-fiit-stu' when running a sweep.
wandb: Tracking run with wandb version 0.22.3
wandb: Run data is saved locally in /Users/tomasmajercik/School/5_semester/ZNEUS/project1/wandb/run-20251109_160344-ia1f378x
wandb: Run `wandb offline` to turn off syncing.
wandb: Syncing run colorful-sweep-62
wandb: ⭐️ View project at https://wandb.ai/xmajercik-fiit-stu/bioresponse-mlp
wandb: 🧹 View sweep at https://wandb.ai/xmajercik-fiit-stu/bioresponse-mlp/sweeps/1cfqgjo7
wandb: 🚀 View run at https://wandb.ai/xmajercik-fiit-stu/bioresponse-mlp/runs/ia1f378x
wandb: updating run metadata; uploading artifact run-ia1f378x-final_conf_mat_table
wandb: uploading artifact run-ia1f378x-final_conf_mat_table; uploading media/table/final_conf_mat_table_31_380c924e57f91af4429a.table.json; uploading output.log; uploading config.yaml
wandb: uploading artifact run-ia1f378x-final_conf_mat_table
wandb: uploading history steps 1-31, summary, console lines 0-6
wandb: 
wandb: Run history:
wandb:        epoch ▁▁▁▂▂▂▂▃▃▃▃▄▄▄▄▅▅▅▅▅▆▆▆▆▇▇▇▇███
wandb:   train_loss ▇████▇▅▁▁▁▁▁▁▁▁▁▁▁▁▁▁▁▁▁▁▁▁▁▁▁▁
wandb: val_accuracy ██▇███▁████████████████████████
wandb:       val_f1 ██████▁████████████████████████
wandb:     val_loss ██▇███▁▁▁▁▁▁▁▁▁▁▁▁▁▁▁▁▁▁▁▁▁▁▁▁▁
wandb: 
wandb: Run summary:
wandb:        epoch 31
wandb:   train_loss 0.68941
wandb: val_accuracy 0.54133
wandb:       val_f1 0.70242
wandb:     val_loss 0.68958
wandb: 
wandb: 🚀 View run run_lr0.0071_bs128_optadamw at: https://wandb.ai/xmajercik-fiit-stu/bioresponse-mlp/runs/ia1f378x
wandb: ⭐️ View project at: https://wandb.ai/xmajercik-fiit-stu/bioresponse-mlp
wandb: Synced 5 W&B file(s), 1 media file(s), 2 artifact file(s) and 0 other file(s)
wandb: Find logs at: ./wandb/run-20251109_160344-ia1f378x/logs
wandb: Agent Starting Run: a892ezal with config:
wandb: 	model.activation: tanh
wandb: 	model.batch_norm: True
wandb: 	model.dropout: 0.2
wandb: 	model.hidden_layers: [512]
wandb: 	training.batch_size: 128
wandb: 	training.early_stopping.counter: 0
wandb: 	training.early_stopping.patience: 5
wandb: 	training.epochs: 40
wandb: 	training.learning_rate: 0.0006853530418651716
wandb: 	training.optimizer: adamw
wandb: WARNING Ignoring project 'bioresponse-mlp' when running a sweep.
wandb: WARNING Ignoring entity 'xmajercik-fiit-stu' when running a sweep.
wandb: setting up run a892ezal
wandb: Tracking run with wandb version 0.22.3
wandb: Run data is saved locally in /Users/tomasmajercik/School/5_semester/ZNEUS/project1/wandb/run-20251109_160354-a892ezal
wandb: Run `wandb offline` to turn off syncing.
wandb: Syncing run resilient-sweep-63
wandb: ⭐️ View project at https://wandb.ai/xmajercik-fiit-stu/bioresponse-mlp
wandb: 🧹 View sweep at https://wandb.ai/xmajercik-fiit-stu/bioresponse-mlp/sweeps/1cfqgjo7
wandb: 🚀 View run at https://wandb.ai/xmajercik-fiit-stu/bioresponse-mlp/runs/a892ezal

Early stopping triggered (overfitting detected).
🧹 Sweep run completed. ✅
Starting W&B run: run_lr0.0167_bs128_optsgd
Epoch 1/40 - Train Loss: 0.7046 - Val Loss: 0.6948 - Val Acc: 0.4827
Early stopping triggered (overfitting detected).
🧹 Sweep run completed. ✅
Starting W&B run: run_lr0.0675_bs128_optsgd
Epoch 1/40 - Train Loss: 0.7056 - Val Loss: 0.6886 - Val Acc: 0.5413
Early stopping triggered (overfitting detected).
🧹 Sweep run completed. ✅
Starting W&B run: run_lr0.0124_bs128_optadam
Epoch 1/40 - Train Loss: 0.7116 - Val Loss: 0.6981 - Val Acc: 0.5013
Epoch 10/40 - Train Loss: 0.6921 - Val Loss: 0.6912 - Val Acc: 0.5227
Early stopping triggered (overfitting detected).
🧹 Sweep run completed. ✅
Starting W&B run: run_lr0.0004_bs64_optadamw
Epoch 1/40 - Train Loss: 0.7115 - Val Loss: 0.6901 - Val Acc: 0.5387
Early stopping triggered (overfitting detected).
🧹 Sweep run completed. ✅
Starting W&B run: run_lr0.0974_bs64_optadam
Epoch 1/40 - Train Loss: 0.7575 - Val Loss: 0.7007 - Val Acc: 0.4960
Early stopping triggered (overfitting detected).
🧹 Sweep run completed. ✅
Starting W&B run: run_lr0.0646_bs128_optadam
Epoch 1/40 - Train Loss: 0.7340 - Val Loss: 0.6937 - Val Acc: 0.5200
Epoch 10/40 - Train Loss: 0.6909 - Val Loss: 0.6896 - Val Acc: 0.5413
Early stopping triggered (overfitting detected).
🧹 Sweep run completed. ✅
Starting W&B run: run_lr0.0293_bs256_optrmsprop
Epoch 1/40 - Train Loss: 4.6135 - Val Loss: 0.7349 - Val Acc: 0.4693
Epoch 10/40 - Train Loss: 0.6904 - Val Loss: 0.6926 - Val Acc: 0.5307
Early stopping triggered (overfitting detected).
🧹 Sweep run completed. ✅
Starting W&B run: run_lr0.0075_bs256_optadam
Epoch 1/40 - Train Loss: 0.7037 - Val Loss: 0.6889 - Val Acc: 0.5413
Epoch 10/40 - Train Loss: 0.6944 - Val Loss: 0.6888 - Val Acc: 0.5413
Early stopping triggered (overfitting detected).
🧹 Sweep run completed. ✅
Starting W&B run: run_lr0.0002_bs256_optrmsprop
Epoch 1/40 - Train Loss: 8.6060 - Val Loss: 0.7040 - Val Acc: 0.4773
Epoch 10/40 - Train Loss: 0.8752 - Val Loss: 0.6910 - Val Acc: 0.5413
Early stopping triggered (overfitting detected).
🧹 Sweep run completed. ✅
Starting W&B run: run_lr0.0880_bs64_optadam
Epoch 1/40 - Train Loss: 0.7842 - Val Loss: 0.7160 - Val Acc: 0.5413
Epoch 10/40 - Train Loss: 0.7082 - Val Loss: 0.7054 - Val Acc: 0.4960
Early stopping triggered (overfitting detected).
🧹 Sweep run completed. ✅
Starting W&B run: run_lr0.0193_bs64_optrmsprop
Epoch 1/40 - Train Loss: 1.0369 - Val Loss: 0.7238 - Val Acc: 0.4587
Early stopping triggered (overfitting detected).
🧹 Sweep run completed. ✅
Starting W&B run: run_lr0.0850_bs128_optrmsprop
Epoch 1/40 - Train Loss: 38.9861 - Val Loss: 45.7764 - Val Acc: 0.5413
Early stopping triggered (overfitting detected).
🧹 Sweep run completed. ✅
Starting W&B run: run_lr0.0990_bs128_optadamw
Epoch 1/40 - Train Loss: 1.6547 - Val Loss: 0.7367 - Val Acc: 0.4960
Epoch 10/40 - Train Loss: 0.6933 - Val Loss: 0.6905 - Val Acc: 0.5413
Early stopping triggered (overfitting detected).
🧹 Sweep run completed. ✅
Starting W&B run: run_lr0.0013_bs128_optadamw
Epoch 1/40 - Train Loss: 5.4093 - Val Loss: 1.4660 - Val Acc: 0.4613
Epoch 10/40 - Train Loss: 0.7212 - Val Loss: 0.6900 - Val Acc: 0.5413
Epoch 20/40 - Train Loss: 0.6960 - Val Loss: 0.6896 - Val Acc: 0.5413
Early stopping triggered (overfitting detected).
🧹 Sweep run completed. ✅
Starting W&B run: run_lr0.0109_bs256_optrmsprop
Epoch 1/40 - Train Loss: 1.0273 - Val Loss: 0.7106 - Val Acc: 0.5413
Epoch 10/40 - Train Loss: 0.7040 - Val Loss: 0.6974 - Val Acc: 0.4587
Epoch 20/40 - Train Loss: 0.6964 - Val Loss: 0.6892 - Val Acc: 0.5413
Epoch 30/40 - Train Loss: 0.7007 - Val Loss: 0.7285 - Val Acc: 0.4587
Early stopping triggered (overfitting detected).
🧹 Sweep run completed. ✅
Starting W&B run: run_lr0.0024_bs256_optsgd
Epoch 1/40 - Train Loss: 0.6962 - Val Loss: 0.6926 - Val Acc: 0.5387
Epoch 10/40 - Train Loss: 0.6942 - Val Loss: 0.6884 - Val Acc: 0.5413
Epoch 20/40 - Train Loss: 0.6903 - Val Loss: 0.6881 - Val Acc: 0.5413
Epoch 30/40 - Train Loss: 0.6928 - Val Loss: 0.6881 - Val Acc: 0.5413
Early stopping triggered (overfitting detected).
🧹 Sweep run completed. ✅
Starting W&B run: run_lr0.0111_bs128_optrmsprop
Epoch 1/40 - Train Loss: 1.1343 - Val Loss: 0.7687 - Val Acc: 0.4720
Epoch 10/40 - Train Loss: 0.6988 - Val Loss: 0.6915 - Val Acc: 0.4987
Epoch 20/40 - Train Loss: 0.6938 - Val Loss: 0.6913 - Val Acc: 0.5173
Early stopping triggered (overfitting detected).
🧹 Sweep run completed. ✅
Starting W&B run: run_lr0.0018_bs128_optsgd
Epoch 1/40 - Train Loss: 43.8933 - Val Loss: 45.3171 - Val Acc: 0.5413
Epoch 10/40 - Train Loss: 42.8432 - Val Loss: 42.4191 - Val Acc: 0.5413
Epoch 20/40 - Train Loss: 0.7053 - Val Loss: 0.6924 - Val Acc: 0.5067
Epoch 30/40 - Train Loss: 0.6951 - Val Loss: 0.6946 - Val Acc: 0.4587
Early stopping triggered (overfitting detected).
🧹 Sweep run completed. ✅
Starting W&B run: run_lr0.0017_bs64_optadam
Epoch 1/40 - Train Loss: 0.7187 - Val Loss: 0.6955 - Val Acc: 0.4667
Epoch 10/40 - Train Loss: 0.6815 - Val Loss: 0.6980 - Val Acc: 0.5360
Epoch 20/40 - Train Loss: 0.6576 - Val Loss: 0.6708 - Val Acc: 0.5547
Epoch 30/40 - Train Loss: 0.6086 - Val Loss: 0.7677 - Val Acc: 0.5467
Epoch 40/40 - Train Loss: 0.5954 - Val Loss: 0.5803 - Val Acc: 0.7440
🧹 Sweep run completed. ✅
Starting W&B run: run_lr0.0037_bs128_optsgd
Epoch 1/40 - Train Loss: 0.7245 - Val Loss: 0.7226 - Val Acc: 0.4587
Epoch 10/40 - Train Loss: 0.7044 - Val Loss: 0.6976 - Val Acc: 0.4827
Epoch 20/40 - Train Loss: 0.6976 - Val Loss: 0.6928 - Val Acc: 0.5040
Epoch 30/40 - Train Loss: 0.6986 - Val Loss: 0.6919 - Val Acc: 0.5200
Early stopping triggered (overfitting detected).
🧹 Sweep run completed. ✅
Starting W&B run: run_lr0.0060_bs64_optadam
Epoch 1/40 - Train Loss: 0.7049 - Val Loss: 0.6941 - Val Acc: 0.4987
Early stopping triggered (overfitting detected).
🧹 Sweep run completed. ✅
Starting W&B run: run_lr0.0724_bs128_optrmsprop
Epoch 1/40 - Train Loss: 40.2716 - Val Loss: 45.7764 - Val Acc: 0.5413
Early stopping triggered (overfitting detected).
🧹 Sweep run completed. ✅
Starting W&B run: run_lr0.0003_bs128_optadam
Epoch 1/40 - Train Loss: 25.3426 - Val Loss: 34.1264 - Val Acc: 0.5413
Early stopping triggered (overfitting detected).
🧹 Sweep run completed. ✅
Starting W&B run: run_lr0.0651_bs256_optadam
Epoch 1/40 - Train Loss: 0.8178 - Val Loss: 0.6885 - Val Acc: 0.5413
Early stopping triggered (overfitting detected).
🧹 Sweep run completed. ✅
Starting W&B run: run_lr0.0113_bs64_optrmsprop
Epoch 1/40 - Train Loss: 47.8141 - Val Loss: 45.8144 - Val Acc: 0.5413
Early stopping triggered (overfitting detected).
🧹 Sweep run completed. ✅
Starting W&B run: run_lr0.0015_bs64_optadamw
Epoch 1/40 - Train Loss: 0.7067 - Val Loss: 0.6901 - Val Acc: 0.5413
Early stopping triggered (overfitting detected).
🧹 Sweep run completed. ✅
Starting W&B run: run_lr0.0064_bs128_optadamw
Epoch 1/40 - Train Loss: 0.7454 - Val Loss: 0.7280 - Val Acc: 0.5280
Epoch 10/40 - Train Loss: 0.6827 - Val Loss: 0.6749 - Val Acc: 0.6347
Early stopping triggered (overfitting detected).
🧹 Sweep run completed. ✅
Starting W&B run: run_lr0.0005_bs256_optrmsprop
Epoch 1/40 - Train Loss: 40.0091 - Val Loss: 43.3706 - Val Acc: 0.5413
Early stopping triggered (overfitting detected).
🧹 Sweep run completed. ✅
Starting W&B run: run_lr0.0144_bs64_optadamw
Epoch 1/40 - Train Loss: 0.8011 - Val Loss: 0.6902 - Val Acc: 0.5413
Early stopping triggered (overfitting detected).
🧹 Sweep run completed. ✅
Starting W&B run: run_lr0.0071_bs128_optadamw
Epoch 1/40 - Train Loss: 40.7456 - Val Loss: 45.7769 - Val Acc: 0.5413
Epoch 10/40 - Train Loss: 0.6958 - Val Loss: 0.6896 - Val Acc: 0.5413
Epoch 20/40 - Train Loss: 0.7330 - Val Loss: 0.6896 - Val Acc: 0.5413
Epoch 30/40 - Train Loss: 0.6895 - Val Loss: 0.6896 - Val Acc: 0.5413
Early stopping triggered (overfitting detected).
🧹 Sweep run completed. ✅
Starting W&B run: run_lr0.0007_bs128_optadamw
Epoch 1/40 - Train Loss: 0.6910 - Val Loss: 0.6953 - Val Acc: 0.5253
Epoch 10/40 - Train Loss: 0.6452 - Val Loss: 0.6564 - Val Acc: 0.5707wandb: updating run metadata; uploading artifact run-a892ezal-final_conf_mat_table
wandb: uploading artifact run-a892ezal-final_conf_mat_table; uploading config.yaml
wandb: uploading artifact run-a892ezal-final_conf_mat_table
wandb: uploading history steps 0-31, summary, console lines 0-6
wandb: 
wandb: Run history:
wandb:        epoch ▁▁▁▂▂▂▂▃▃▃▃▄▄▄▄▅▅▅▅▅▆▆▆▆▇▇▇▇███
wandb:   train_loss ██▇▆▆▆▅▆▆▅▅▄▅▄▃▃▃▃▂▃▂▂▂▂▂▂▁▁▁▁▁
wandb: val_accuracy ▁▂▂▂▂▂▂▄▅▂▅▅▇▅▆▄▇▆▆▅▄▇▅███▇▇█▆▄
wandb:       val_f1 ▁▁▂▆▅▆▆▆▆▃▇▆▄▇▆▆▇▇▄▆▆▆▆█▇█▇▆▇▇▆
wandb:     val_loss ██▇▇▇▆▆▆▅▆▅▅▅▄▄▄▃▃▃▄▃▂▃▂▂▁▂▃▁▂▃
wandb: 
wandb: Run summary:
wandb:        epoch 31
wandb:   train_loss 0.58322
wandb: val_accuracy 0.624
wandb:       val_f1 0.72407
wandb:     val_loss 0.61924
wandb: 
wandb: 🚀 View run run_lr0.0007_bs128_optadamw at: https://wandb.ai/xmajercik-fiit-stu/bioresponse-mlp/runs/a892ezal
wandb: ⭐️ View project at: https://wandb.ai/xmajercik-fiit-stu/bioresponse-mlp
wandb: Synced 5 W&B file(s), 1 media file(s), 2 artifact file(s) and 0 other file(s)
wandb: Find logs at: ./wandb/run-20251109_160354-a892ezal/logs
wandb: Agent Starting Run: imlbnulh with config:
wandb: 	model.activation: tanh
wandb: 	model.batch_norm: True
wandb: 	model.dropout: 0.3
wandb: 	model.hidden_layers: [128, 128, 64, 128, 64]
wandb: 	training.batch_size: 64
wandb: 	training.early_stopping.counter: 0
wandb: 	training.early_stopping.patience: 3
wandb: 	training.epochs: 40
wandb: 	training.learning_rate: 0.00024385954836751467
wandb: 	training.optimizer: adam
wandb: WARNING Ignoring project 'bioresponse-mlp' when running a sweep.
wandb: WARNING Ignoring entity 'xmajercik-fiit-stu' when running a sweep.
wandb: Tracking run with wandb version 0.22.3
wandb: Run data is saved locally in /Users/tomasmajercik/School/5_semester/ZNEUS/project1/wandb/run-20251109_160405-imlbnulh
wandb: Run `wandb offline` to turn off syncing.
wandb: Syncing run clean-sweep-64
wandb: ⭐️ View project at https://wandb.ai/xmajercik-fiit-stu/bioresponse-mlp
wandb: 🧹 View sweep at https://wandb.ai/xmajercik-fiit-stu/bioresponse-mlp/sweeps/1cfqgjo7
wandb: 🚀 View run at https://wandb.ai/xmajercik-fiit-stu/bioresponse-mlp/runs/imlbnulh
wandb: updating run metadata; uploading artifact run-imlbnulh-final_conf_mat_table
wandb: uploading artifact run-imlbnulh-final_conf_mat_table; uploading wandb-summary.json; uploading media/table/final_conf_mat_table_12_11e60ac422bc5331db8e.table.json; uploading config.yaml
wandb: uploading artifact run-imlbnulh-final_conf_mat_table; uploading wandb-summary.json; uploading config.yaml
wandb: uploading artifact run-imlbnulh-final_conf_mat_table
wandb: uploading history steps 0-12, summary, console lines 0-4
wandb: 
wandb: Run history:
wandb:        epoch ▁▂▂▃▄▄▅▅▆▇▇█
wandb:   train_loss ██▇█▄▆▃▂▂▂▁▂
wandb: val_accuracy ▄▁▃▃▅▂▃██▄▅▄
wandb:       val_f1 ▄▁▆▇▇▇▃██▅▅▄
wandb:     val_loss ▄▅▅▅▂▇█▁▁▃▃▅
wandb: 
wandb: Run summary:
wandb:        epoch 12
wandb:   train_loss 0.62518
wandb: val_accuracy 0.60533
wandb:       val_f1 0.51634
wandb:     val_loss 0.68645
wandb: 
wandb: 🚀 View run run_lr0.0002_bs64_optadam at: https://wandb.ai/xmajercik-fiit-stu/bioresponse-mlp/runs/imlbnulh
wandb: ⭐️ View project at: https://wandb.ai/xmajercik-fiit-stu/bioresponse-mlp
wandb: Synced 5 W&B file(s), 1 media file(s), 2 artifact file(s) and 0 other file(s)
wandb: Find logs at: ./wandb/run-20251109_160405-imlbnulh/logs
wandb: Agent Starting Run: ru3rrvre with config:
wandb: 	model.activation: tanh
wandb: 	model.batch_norm: False
wandb: 	model.dropout: 0.2
wandb: 	model.hidden_layers: [128, 256]
wandb: 	training.batch_size: 64
wandb: 	training.early_stopping.counter: 0
wandb: 	training.early_stopping.patience: 8
wandb: 	training.epochs: 40
wandb: 	training.learning_rate: 0.0034446122763872075
wandb: 	training.optimizer: adam
wandb: WARNING Ignoring project 'bioresponse-mlp' when running a sweep.
wandb: WARNING Ignoring entity 'xmajercik-fiit-stu' when running a sweep.
wandb: Tracking run with wandb version 0.22.3
wandb: Run data is saved locally in /Users/tomasmajercik/School/5_semester/ZNEUS/project1/wandb/run-20251109_160415-ru3rrvre
wandb: Run `wandb offline` to turn off syncing.
wandb: Syncing run youthful-sweep-65
wandb: ⭐️ View project at https://wandb.ai/xmajercik-fiit-stu/bioresponse-mlp
wandb: 🧹 View sweep at https://wandb.ai/xmajercik-fiit-stu/bioresponse-mlp/sweeps/1cfqgjo7
wandb: 🚀 View run at https://wandb.ai/xmajercik-fiit-stu/bioresponse-mlp/runs/ru3rrvre
wandb: updating run metadata; uploading artifact run-ru3rrvre-final_conf_mat_table; uploading wandb-metadata.json
wandb: uploading artifact run-ru3rrvre-final_conf_mat_table; uploading output.log; uploading wandb-summary.json; uploading config.yaml
wandb: uploading artifact run-ru3rrvre-final_conf_mat_table
wandb: uploading history steps 0-18, summary, console lines 0-4
wandb: 
wandb: Run history:
wandb:        epoch ▁▁▂▂▃▃▃▄▄▅▅▆▆▆▇▇██
wandb:   train_loss █▂▂▁▂▁▂▂▂▃▂▂▃▁▂▂▄▂
wandb: val_accuracy █████▁██▁███▁▁▁███
wandb:       val_f1 █████▁██▁███▁▁▁███
wandb:     val_loss ▂▅▁▁▂▇▁▇█▁▁▄▃▂▂▇▂▂
wandb: 
wandb: Run summary:
wandb:        epoch 18
wandb:   train_loss 0.69737
wandb: val_accuracy 0.54133
wandb:       val_f1 0.70242
wandb:     val_loss 0.69171
wandb: 
wandb: 🚀 View run run_lr0.0034_bs64_optadam at: https://wandb.ai/xmajercik-fiit-stu/bioresponse-mlp/runs/ru3rrvre
wandb: ⭐️ View project at: https://wandb.ai/xmajercik-fiit-stu/bioresponse-mlp
wandb: Synced 5 W&B file(s), 1 media file(s), 2 artifact file(s) and 0 other file(s)
wandb: Find logs at: ./wandb/run-20251109_160415-ru3rrvre/logs
wandb: Sweep Agent: Waiting for job.
wandb: Job received.
wandb: Agent Starting Run: afipewo0 with config:
wandb: 	model.activation: tanh
wandb: 	model.batch_norm: False
wandb: 	model.dropout: 0.2
wandb: 	model.hidden_layers: [256, 128, 64]
wandb: 	training.batch_size: 128
wandb: 	training.early_stopping.counter: 0
wandb: 	training.early_stopping.patience: 3
wandb: 	training.epochs: 40
wandb: 	training.learning_rate: 0.0009078898908884187
wandb: 	training.optimizer: adamw
wandb: WARNING Ignoring project 'bioresponse-mlp' when running a sweep.
wandb: WARNING Ignoring entity 'xmajercik-fiit-stu' when running a sweep.
wandb: Tracking run with wandb version 0.22.3
wandb: Run data is saved locally in /Users/tomasmajercik/School/5_semester/ZNEUS/project1/wandb/run-20251109_160430-afipewo0
wandb: Run `wandb offline` to turn off syncing.
wandb: Syncing run driven-sweep-66
wandb: ⭐️ View project at https://wandb.ai/xmajercik-fiit-stu/bioresponse-mlp
wandb: 🧹 View sweep at https://wandb.ai/xmajercik-fiit-stu/bioresponse-mlp/sweeps/1cfqgjo7
wandb: 🚀 View run at https://wandb.ai/xmajercik-fiit-stu/bioresponse-mlp/runs/afipewo0
wandb: updating run metadata; uploading artifact run-afipewo0-final_conf_mat_table
wandb: uploading artifact run-afipewo0-final_conf_mat_table; uploading media/table/final_conf_mat_table_5_380c924e57f91af4429a.table.json; uploading output.log; uploading config.yaml
wandb: uploading artifact run-afipewo0-final_conf_mat_table
wandb: uploading history steps 0-5, summary, console lines 0-3
wandb: 
wandb: Run history:
wandb:        epoch ▁▃▅▆█
wandb:   train_loss █▁▁▄▅
wandb: val_accuracy ▁████
wandb:       val_f1 ▁████
wandb:     val_loss █▁▂▄▄
wandb: 
wandb: Run summary:
wandb:        epoch 5
wandb:   train_loss 0.69633
wandb: val_accuracy 0.54133
wandb:       val_f1 0.70242
wandb:     val_loss 0.6925
wandb: 
wandb: 🚀 View run run_lr0.0009_bs128_optadamw at: https://wandb.ai/xmajercik-fiit-stu/bioresponse-mlp/runs/afipewo0
wandb: ⭐️ View project at: https://wandb.ai/xmajercik-fiit-stu/bioresponse-mlp
wandb: Synced 5 W&B file(s), 1 media file(s), 2 artifact file(s) and 0 other file(s)
wandb: Find logs at: ./wandb/run-20251109_160430-afipewo0/logs
wandb: Agent Starting Run: pq0inssw with config:
wandb: 	model.activation: tanh
wandb: 	model.batch_norm: True
wandb: 	model.dropout: 0.5
wandb: 	model.hidden_layers: [512, 256, 128, 64]
wandb: 	training.batch_size: 256
wandb: 	training.early_stopping.counter: 0
wandb: 	training.early_stopping.patience: 3
wandb: 	training.epochs: 40
wandb: 	training.learning_rate: 0.002404749782223511
wandb: 	training.optimizer: rmsprop
wandb: WARNING Ignoring project 'bioresponse-mlp' when running a sweep.
wandb: WARNING Ignoring entity 'xmajercik-fiit-stu' when running a sweep.
wandb: Tracking run with wandb version 0.22.3
wandb: Run data is saved locally in /Users/tomasmajercik/School/5_semester/ZNEUS/project1/wandb/run-20251109_160436-pq0inssw
wandb: Run `wandb offline` to turn off syncing.
wandb: Syncing run electric-sweep-67
wandb: ⭐️ View project at https://wandb.ai/xmajercik-fiit-stu/bioresponse-mlp
wandb: 🧹 View sweep at https://wandb.ai/xmajercik-fiit-stu/bioresponse-mlp/sweeps/1cfqgjo7
wandb: 🚀 View run at https://wandb.ai/xmajercik-fiit-stu/bioresponse-mlp/runs/pq0inssw
wandb: updating run metadata; uploading artifact run-pq0inssw-final_conf_mat_table
wandb: uploading artifact run-pq0inssw-final_conf_mat_table; uploading media/table/final_conf_mat_table_6_380c924e57f91af4429a.table.json; uploading output.log; uploading config.yaml
wandb: uploading artifact run-pq0inssw-final_conf_mat_table
wandb: uploading history steps 0-6, summary, console lines 0-3
wandb: 
wandb: Run history:
wandb:        epoch ▁▂▄▅▇█
wandb:   train_loss █▂▁▁▁▁
wandb: val_accuracy ▁▅████
wandb:       val_f1 ▁▄████
wandb:     val_loss █▄▁▁▁▂
wandb: 
wandb: Run summary:
wandb:        epoch 6
wandb:   train_loss 0.69225
wandb: val_accuracy 0.54133
wandb:       val_f1 0.70242
wandb:     val_loss 0.68819
wandb: 
wandb: 🚀 View run run_lr0.0024_bs256_optrmsprop at: https://wandb.ai/xmajercik-fiit-stu/bioresponse-mlp/runs/pq0inssw
wandb: ⭐️ View project at: https://wandb.ai/xmajercik-fiit-stu/bioresponse-mlp
wandb: Synced 5 W&B file(s), 1 media file(s), 2 artifact file(s) and 0 other file(s)
wandb: Find logs at: ./wandb/run-20251109_160436-pq0inssw/logs
wandb: Agent Starting Run: 6apc44vt with config:
wandb: 	model.activation: tanh
wandb: 	model.batch_norm: False
wandb: 	model.dropout: 0.5
wandb: 	model.hidden_layers: [256, 128, 64]
wandb: 	training.batch_size: 64
wandb: 	training.early_stopping.counter: 0
wandb: 	training.early_stopping.patience: 5
wandb: 	training.epochs: 40
wandb: 	training.learning_rate: 0.0016059840958180687
wandb: 	training.optimizer: adamw
wandb: WARNING Ignoring project 'bioresponse-mlp' when running a sweep.
wandb: WARNING Ignoring entity 'xmajercik-fiit-stu' when running a sweep.
wandb: Tracking run with wandb version 0.22.3
wandb: Run data is saved locally in /Users/tomasmajercik/School/5_semester/ZNEUS/project1/wandb/run-20251109_160441-6apc44vt
wandb: Run `wandb offline` to turn off syncing.
wandb: Syncing run pretty-sweep-68
wandb: ⭐️ View project at https://wandb.ai/xmajercik-fiit-stu/bioresponse-mlp
wandb: 🧹 View sweep at https://wandb.ai/xmajercik-fiit-stu/bioresponse-mlp/sweeps/1cfqgjo7
wandb: 🚀 View run at https://wandb.ai/xmajercik-fiit-stu/bioresponse-mlp/runs/6apc44vt
wandb: updating run metadata; uploading artifact run-6apc44vt-final_conf_mat_table
wandb: uploading artifact run-6apc44vt-final_conf_mat_table; uploading wandb-metadata.json; uploading media/table/final_conf_mat_table_10_380c924e57f91af4429a.table.json; uploading output.log; uploading wandb-summary.json (+ 1 more)
wandb: uploading artifact run-6apc44vt-final_conf_mat_table
wandb: uploading history steps 1-10, summary, console lines 0-4
wandb: 
wandb: Run history:
wandb:        epoch ▁▂▃▃▄▅▆▆▇█
wandb:   train_loss █▅▃▄▂▂▂▃▂▁
wandb: val_accuracy ▁█████████
wandb:       val_f1 ▁█████████
wandb:     val_loss █▃▂▁▁▁▁▁▂▄
wandb: 
wandb: Run summary:
wandb:        epoch 10
wandb:   train_loss 0.68996
wandb: val_accuracy 0.54133
wandb:       val_f1 0.70242
wandb:     val_loss 0.69307
wandb: 
wandb: 🚀 View run run_lr0.0016_bs64_optadamw at: https://wandb.ai/xmajercik-fiit-stu/bioresponse-mlp/runs/6apc44vt
wandb: ⭐️ View project at: https://wandb.ai/xmajercik-fiit-stu/bioresponse-mlp
wandb: Synced 5 W&B file(s), 1 media file(s), 2 artifact file(s) and 0 other file(s)
wandb: Find logs at: ./wandb/run-20251109_160441-6apc44vt/logs
wandb: Agent Starting Run: dgc2ykh8 with config:
wandb: 	model.activation: tanh
wandb: 	model.batch_norm: False
wandb: 	model.dropout: 0.2
wandb: 	model.hidden_layers: [128, 256]
wandb: 	training.batch_size: 64
wandb: 	training.early_stopping.counter: 0
wandb: 	training.early_stopping.patience: 3
wandb: 	training.epochs: 40
wandb: 	training.learning_rate: 0.05793980436966485
wandb: 	training.optimizer: rmsprop
wandb: WARNING Ignoring project 'bioresponse-mlp' when running a sweep.
wandb: WARNING Ignoring entity 'xmajercik-fiit-stu' when running a sweep.
wandb: Tracking run with wandb version 0.22.3
wandb: Run data is saved locally in /Users/tomasmajercik/School/5_semester/ZNEUS/project1/wandb/run-20251109_160447-dgc2ykh8
wandb: Run `wandb offline` to turn off syncing.
wandb: Syncing run quiet-sweep-69
wandb: ⭐️ View project at https://wandb.ai/xmajercik-fiit-stu/bioresponse-mlp
wandb: 🧹 View sweep at https://wandb.ai/xmajercik-fiit-stu/bioresponse-mlp/sweeps/1cfqgjo7
wandb: 🚀 View run at https://wandb.ai/xmajercik-fiit-stu/bioresponse-mlp/runs/dgc2ykh8
wandb: updating run metadata; uploading artifact run-dgc2ykh8-final_conf_mat_table
wandb: uploading artifact run-dgc2ykh8-final_conf_mat_table; uploading media/table/final_conf_mat_table_4_199d54f9f4a8d785b3e9.table.json; uploading wandb-summary.json; uploading config.yaml
wandb: uploading artifact run-dgc2ykh8-final_conf_mat_table
wandb: uploading history steps 0-4, summary, console lines 0-3
wandb: 
wandb: Run history:
wandb:        epoch ▁▃▆█
wandb:   train_loss ▁███
wandb: val_accuracy ▁▁▁▁
wandb:       val_f1 ▁▁▁▁
wandb:     val_loss ▁▁▁▁
wandb: 
wandb: Run summary:
wandb:        epoch 4
wandb:   train_loss 54.08987
wandb: val_accuracy 0.45867
wandb:       val_f1 0
wandb:     val_loss 54.18561
wandb: 
wandb: 🚀 View run run_lr0.0579_bs64_optrmsprop at: https://wandb.ai/xmajercik-fiit-stu/bioresponse-mlp/runs/dgc2ykh8
wandb: ⭐️ View project at: https://wandb.ai/xmajercik-fiit-stu/bioresponse-mlp
wandb: Synced 5 W&B file(s), 1 media file(s), 2 artifact file(s) and 0 other file(s)
wandb: Find logs at: ./wandb/run-20251109_160447-dgc2ykh8/logs
wandb: Agent Starting Run: 9difc8za with config:
wandb: 	model.activation: tanh
wandb: 	model.batch_norm: True
wandb: 	model.dropout: 0.2
wandb: 	model.hidden_layers: [128, 256]
wandb: 	training.batch_size: 256
wandb: 	training.early_stopping.counter: 0
wandb: 	training.early_stopping.patience: 8
wandb: 	training.epochs: 40
wandb: 	training.learning_rate: 0.0004864958695878446
wandb: 	training.optimizer: adamw
wandb: WARNING Ignoring project 'bioresponse-mlp' when running a sweep.
wandb: WARNING Ignoring entity 'xmajercik-fiit-stu' when running a sweep.
wandb: Tracking run with wandb version 0.22.3
wandb: Run data is saved locally in /Users/tomasmajercik/School/5_semester/ZNEUS/project1/wandb/run-20251109_160452-9difc8za
wandb: Run `wandb offline` to turn off syncing.
wandb: Syncing run vague-sweep-70
wandb: ⭐️ View project at https://wandb.ai/xmajercik-fiit-stu/bioresponse-mlp
wandb: 🧹 View sweep at https://wandb.ai/xmajercik-fiit-stu/bioresponse-mlp/sweeps/1cfqgjo7
wandb: 🚀 View run at https://wandb.ai/xmajercik-fiit-stu/bioresponse-mlp/runs/9difc8za
wandb: updating run metadata; uploading artifact run-9difc8za-final_conf_mat_table; uploading wandb-metadata.json
wandb: uploading artifact run-9difc8za-final_conf_mat_table; uploading media/table/final_conf_mat_table_22_45bd2917064b58227415.table.json; uploading output.log; uploading wandb-summary.json; uploading config.yaml
wandb: uploading artifact run-9difc8za-final_conf_mat_table
wandb: uploading history steps 1-22, summary, console lines 0-5
wandb: 
wandb: Run history:
wandb:        epoch ▁▁▂▂▂▃▃▃▄▄▄▅▅▅▆▆▆▇▇▇██
wandb:   train_loss █▇▄▄▄▄▃▂▃▄▄▃▃▁▁▃▄▃▂▂▁▁
wandb: val_accuracy ▂▃▃▄▁▃▆▃▆▅▃▆▄█▄▄▄▆▇█▇▅
wandb:       val_f1 ▇█▇▇▁▆█▄█▇████▇▅██████
wandb:     val_loss ▅▅▅▄▆▄▃▅▂▄█▂▅▁▃▆▃▂▂▁▂▄
wandb: 
wandb: Run summary:
wandb:        epoch 22
wandb:   train_loss 0.5962
wandb: val_accuracy 0.61333
wandb:       val_f1 0.70468
wandb:     val_loss 0.66715
wandb: 
wandb: 🚀 View run run_lr0.0005_bs256_optadamw at: https://wandb.ai/xmajercik-fiit-stu/bioresponse-mlp/runs/9difc8za
wandb: ⭐️ View project at: https://wandb.ai/xmajercik-fiit-stu/bioresponse-mlp
wandb: Synced 5 W&B file(s), 1 media file(s), 2 artifact file(s) and 0 other file(s)
wandb: Find logs at: ./wandb/run-20251109_160452-9difc8za/logs
wandb: Agent Starting Run: w1ao4b1g with config:
wandb: 	model.activation: relu
wandb: 	model.batch_norm: True
wandb: 	model.dropout: 0.5
wandb: 	model.hidden_layers: [128, 256]
wandb: 	training.batch_size: 128
wandb: 	training.early_stopping.counter: 0
wandb: 	training.early_stopping.patience: 8
wandb: 	training.epochs: 40
wandb: 	training.learning_rate: 0.0036603231848929183
wandb: 	training.optimizer: adam
wandb: WARNING Ignoring project 'bioresponse-mlp' when running a sweep.
wandb: WARNING Ignoring entity 'xmajercik-fiit-stu' when running a sweep.
wandb: Tracking run with wandb version 0.22.3
wandb: Run data is saved locally in /Users/tomasmajercik/School/5_semester/ZNEUS/project1/wandb/run-20251109_160457-w1ao4b1g
wandb: Run `wandb offline` to turn off syncing.
wandb: Syncing run smooth-sweep-71
wandb: ⭐️ View project at https://wandb.ai/xmajercik-fiit-stu/bioresponse-mlp
wandb: 🧹 View sweep at https://wandb.ai/xmajercik-fiit-stu/bioresponse-mlp/sweeps/1cfqgjo7
wandb: 🚀 View run at https://wandb.ai/xmajercik-fiit-stu/bioresponse-mlp/runs/w1ao4b1g
wandb: updating run metadata; uploading artifact run-w1ao4b1g-final_conf_mat_table; uploading wandb-metadata.json
wandb: uploading artifact run-w1ao4b1g-final_conf_mat_table; uploading output.log; uploading wandb-summary.json; uploading config.yaml
wandb: uploading artifact run-w1ao4b1g-final_conf_mat_table
wandb: uploading history steps 1-22, summary, console lines 0-5
wandb: 
wandb: Run history:
wandb:        epoch ▁▁▂▂▂▃▃▃▄▄▄▅▅▅▆▆▆▇▇▇██
wandb:   train_loss █▅▄▃▂▂▃▃▂▂▂▂▃▂▂▁▁▂▂▂▂▂
wandb: val_accuracy ▅▇▇▅▇▇▇▇▇▆▁▃▇▇▅▇▅▇▆▇█▇
wandb:       val_f1 ▇██▇█████▇▁▆▇▇▇█▅█▇██▇
wandb:     val_loss █▁▁▁▁▁▁▁▁▁▂▁▁▁▁▁▂▁▁▁▁▁
wandb: 
wandb: Run summary:
wandb:        epoch 22
wandb:   train_loss 0.69495
wandb: val_accuracy 0.54667
wandb:       val_f1 0.64583
wandb:     val_loss 0.68778
wandb: 
wandb: 🚀 View run run_lr0.0037_bs128_optadam at: https://wandb.ai/xmajercik-fiit-stu/bioresponse-mlp/runs/w1ao4b1g
wandb: ⭐️ View project at: https://wandb.ai/xmajercik-fiit-stu/bioresponse-mlp
wandb: Synced 5 W&B file(s), 1 media file(s), 2 artifact file(s) and 0 other file(s)
wandb: Find logs at: ./wandb/run-20251109_160457-w1ao4b1g/logs
wandb: Sweep Agent: Waiting for job.
wandb: Job received.
wandb: Agent Starting Run: wf5ijr5w with config:
wandb: 	model.activation: tanh
wandb: 	model.batch_norm: False
wandb: 	model.dropout: 0.2
wandb: 	model.hidden_layers: [64, 128, 256]
wandb: 	training.batch_size: 128
wandb: 	training.early_stopping.counter: 0
wandb: 	training.early_stopping.patience: 5
wandb: 	training.epochs: 40
wandb: 	training.learning_rate: 0.00017450480696987763
wandb: 	training.optimizer: adam
wandb: WARNING Ignoring project 'bioresponse-mlp' when running a sweep.
wandb: WARNING Ignoring entity 'xmajercik-fiit-stu' when running a sweep.
wandb: Tracking run with wandb version 0.22.3
wandb: Run data is saved locally in /Users/tomasmajercik/School/5_semester/ZNEUS/project1/wandb/run-20251109_160512-wf5ijr5w
wandb: Run `wandb offline` to turn off syncing.
wandb: Syncing run decent-sweep-72
wandb: ⭐️ View project at https://wandb.ai/xmajercik-fiit-stu/bioresponse-mlp
wandb: 🧹 View sweep at https://wandb.ai/xmajercik-fiit-stu/bioresponse-mlp/sweeps/1cfqgjo7
wandb: 🚀 View run at https://wandb.ai/xmajercik-fiit-stu/bioresponse-mlp/runs/wf5ijr5w
wandb: updating run metadata; uploading artifact run-wf5ijr5w-final_conf_mat_table
wandb: uploading artifact run-wf5ijr5w-final_conf_mat_table; uploading output.log; uploading wandb-summary.json; uploading media/table/final_conf_mat_table_18_380c924e57f91af4429a.table.json; uploading config.yaml
wandb: uploading artifact run-wf5ijr5w-final_conf_mat_table
wandb: 
wandb: Run history:
wandb:        epoch ▁▁▂▂▃▃▃▄▄▅▅▆▆▆▇▇██
wandb:   train_loss ▇▃█▃▃▁▂▇▅▅▆▂▂▆█▆▂▃
wandb: val_accuracy ▁▁▁▁▁▁▁▁▁▁▁▁▁▁▁▁▁▁
wandb:       val_f1 ▁▁▁▁▁▁▁▁▁▁▁▁▁▁▁▁▁▁
wandb:     val_loss ▃▃▅▂▂▅▂▃▁▂▃█▁▂▃▄▂▂
wandb: 
wandb: Run summary:
wandb:        epoch 18
wandb:   train_loss 0.69103
wandb: val_accuracy 0.54133
wandb:       val_f1 0.70242
wandb:     val_loss 0.6896
wandb: 
wandb: 🚀 View run run_lr0.0002_bs128_optadam at: https://wandb.ai/xmajercik-fiit-stu/bioresponse-mlp/runs/wf5ijr5w
wandb: ⭐️ View project at: https://wandb.ai/xmajercik-fiit-stu/bioresponse-mlp
wandb: Synced 5 W&B file(s), 1 media file(s), 2 artifact file(s) and 0 other file(s)
wandb: Find logs at: ./wandb/run-20251109_160512-wf5ijr5w/logs
wandb: Agent Starting Run: nwk2q0ai with config:
wandb: 	model.activation: relu
wandb: 	model.batch_norm: False
wandb: 	model.dropout: 0.3
wandb: 	model.hidden_layers: [512]
wandb: 	training.batch_size: 256
wandb: 	training.early_stopping.counter: 0
wandb: 	training.early_stopping.patience: 5
wandb: 	training.epochs: 40
wandb: 	training.learning_rate: 0.0026856398164988894
wandb: 	training.optimizer: rmsprop
wandb: WARNING Ignoring project 'bioresponse-mlp' when running a sweep.
wandb: WARNING Ignoring entity 'xmajercik-fiit-stu' when running a sweep.
wandb: Tracking run with wandb version 0.22.3
wandb: Run data is saved locally in /Users/tomasmajercik/School/5_semester/ZNEUS/project1/wandb/run-20251109_160518-nwk2q0ai
wandb: Run `wandb offline` to turn off syncing.
wandb: Syncing run resilient-sweep-73
wandb: ⭐️ View project at https://wandb.ai/xmajercik-fiit-stu/bioresponse-mlp
wandb: 🧹 View sweep at https://wandb.ai/xmajercik-fiit-stu/bioresponse-mlp/sweeps/1cfqgjo7
wandb: 🚀 View run at https://wandb.ai/xmajercik-fiit-stu/bioresponse-mlp/runs/nwk2q0ai
wandb: updating run metadata; uploading artifact run-nwk2q0ai-final_conf_mat_table
wandb: uploading artifact run-nwk2q0ai-final_conf_mat_table; uploading config.yaml
wandb: uploading artifact run-nwk2q0ai-final_conf_mat_table
wandb: uploading history steps 1-9, summary, console lines 0-3
wandb: 
wandb: Run history:
wandb:        epoch ▁▂▃▄▅▅▆▇█
wandb:   train_loss ▁██▆▆▆▆▆▆
wandb: val_accuracy ██▁▁▁▁▁▁█
wandb:       val_f1 ██▁▁▁▁▁▁█
wandb:     val_loss ███▁██▆▆▇
wandb: 
wandb: Run summary:
wandb:        epoch 9
wandb:   train_loss 44.89295
wandb: val_accuracy 0.54133
wandb:       val_f1 0.70242
wandb:     val_loss 44.67467
wandb: 
wandb: 🚀 View run run_lr0.0027_bs256_optrmsprop at: https://wandb.ai/xmajercik-fiit-stu/bioresponse-mlp/runs/nwk2q0ai
wandb: ⭐️ View project at: https://wandb.ai/xmajercik-fiit-stu/bioresponse-mlp
wandb: Synced 5 W&B file(s), 1 media file(s), 2 artifact file(s) and 0 other file(s)
wandb: Find logs at: ./wandb/run-20251109_160518-nwk2q0ai/logs
wandb: Agent Starting Run: q0iqs9zw with config:
wandb: 	model.activation: tanh
wandb: 	model.batch_norm: True
wandb: 	model.dropout: 0.5
wandb: 	model.hidden_layers: [64, 128, 256]
wandb: 	training.batch_size: 64
wandb: 	training.early_stopping.counter: 0
wandb: 	training.early_stopping.patience: 5
wandb: 	training.epochs: 40
wandb: 	training.learning_rate: 0.000396460541430428
wandb: 	training.optimizer: adamw
wandb: WARNING Ignoring project 'bioresponse-mlp' when running a sweep.
wandb: WARNING Ignoring entity 'xmajercik-fiit-stu' when running a sweep.
wandb: Tracking run with wandb version 0.22.3
wandb: Run data is saved locally in /Users/tomasmajercik/School/5_semester/ZNEUS/project1/wandb/run-20251109_160524-q0iqs9zw
wandb: Run `wandb offline` to turn off syncing.
wandb: Syncing run hardy-sweep-74
wandb: ⭐️ View project at https://wandb.ai/xmajercik-fiit-stu/bioresponse-mlp
wandb: 🧹 View sweep at https://wandb.ai/xmajercik-fiit-stu/bioresponse-mlp/sweeps/1cfqgjo7
wandb: 🚀 View run at https://wandb.ai/xmajercik-fiit-stu/bioresponse-mlp/runs/q0iqs9zw
wandb: updating run metadata; uploading artifact run-q0iqs9zw-final_conf_mat_table
wandb: uploading artifact run-q0iqs9zw-final_conf_mat_table; uploading wandb-summary.json; uploading media/table/final_conf_mat_table_30_8556862199b49b29e965.table.json; uploading output.log; uploading config.yaml
wandb: uploading artifact run-q0iqs9zw-final_conf_mat_table
wandb: uploading history steps 0-30, summary, console lines 0-6
wandb: 
wandb: Run history:
wandb:        epoch ▁▁▁▂▂▂▂▃▃▃▃▄▄▄▄▅▅▅▅▆▆▆▆▇▇▇▇███
wandb:   train_loss ███▇█▇▇▇▇▆▇▆▆▆▆▆▄▃▄▆▅▃▂▂▃▂▂▂▁▁
wandb: val_accuracy ▁▂▂▂▂▂▁▂▂▂▂▃▂▂▃▂▇▂▂▄▂▆█▂▇▆▄▂▇▄
wandb:       val_f1 ▄▅▇▇▅▇▄▆▅▇▇▇▇▇▇▇▇▇▇▇▁▇█▂██▇▇▇▇
wandb:     val_loss ▄▄▄▄▄▄▄▄▄▄▄▄▄▄▄▄▃▃▇▃▄▂▂█▁▁▃▆▁▂
wandb: 
wandb: Run summary:
wandb:        epoch 30
wandb:   train_loss 0.63103
wandb: val_accuracy 0.59467
wandb:       val_f1 0.71103
wandb:     val_loss 0.63301
wandb: 
wandb: 🚀 View run run_lr0.0004_bs64_optadamw at: https://wandb.ai/xmajercik-fiit-stu/bioresponse-mlp/runs/q0iqs9zw
wandb: ⭐️ View project at: https://wandb.ai/xmajercik-fiit-stu/bioresponse-mlp
wandb: Synced 5 W&B file(s), 1 media file(s), 2 artifact file(s) and 0 other file(s)
wandb: Find logs at: ./wandb/run-20251109_160524-q0iqs9zw/logs
wandb: Agent Starting Run: yfbhn1er with config:
wandb: 	model.activation: relu
wandb: 	model.batch_norm: True
wandb: 	model.dropout: 0.2
wandb: 	model.hidden_layers: [512, 256, 128, 64]
wandb: 	training.batch_size: 128
wandb: 	training.early_stopping.counter: 0
wandb: 	training.early_stopping.patience: 8
wandb: 	training.epochs: 40
wandb: 	training.learning_rate: 0.0011435333020073885
wandb: 	training.optimizer: adam
wandb: WARNING Ignoring project 'bioresponse-mlp' when running a sweep.
wandb: WARNING Ignoring entity 'xmajercik-fiit-stu' when running a sweep.
wandb: Tracking run with wandb version 0.22.3
wandb: Run data is saved locally in /Users/tomasmajercik/School/5_semester/ZNEUS/project1/wandb/run-20251109_160534-yfbhn1er
wandb: Run `wandb offline` to turn off syncing.
wandb: Syncing run vivid-sweep-75
wandb: ⭐️ View project at https://wandb.ai/xmajercik-fiit-stu/bioresponse-mlp
wandb: 🧹 View sweep at https://wandb.ai/xmajercik-fiit-stu/bioresponse-mlp/sweeps/1cfqgjo7
wandb: 🚀 View run at https://wandb.ai/xmajercik-fiit-stu/bioresponse-mlp/runs/yfbhn1er
wandb: uploading artifact run-yfbhn1er-final_conf_mat_table; updating run metadata
wandb: uploading artifact run-yfbhn1er-final_conf_mat_table; uploading output.log; uploading wandb-summary.json; uploading config.yaml
wandb: uploading artifact run-yfbhn1er-final_conf_mat_table
wandb: uploading history steps 1-40, summary, console lines 0-6
wandb: 
wandb: Run history:
wandb:        epoch ▁▁▁▂▂▂▂▂▂▃▃▃▃▃▄▄▄▄▄▄▅▅▅▅▅▅▆▆▆▆▆▇▇▇▇▇▇███
wandb:   train_loss █▇▇▇▇▇▇▇▇▇▇▇▆▆▆▅▄▄▄▄▃▃▃▃▃▂▂▂▂▂▂▁▁▁▂▁▂▁▂▂
wandb: val_accuracy ▂▂▃▂▂▃▂▂▂▂▂▂▄▃▁▅▁▄▃▄▄▄▄▅█▅▄▆▃▂▅▄█▂▇▃▅█▄█
wandb:       val_f1 ▇▇▇▆▇▇▇▇▆▇▇▇▆▇▁▆▁▇▇▇▇▇▇██▇▇▇▇▂▅██▃█▇▇█▇█
wandb:     val_loss ▅▅▅▄▅▄▄▄▅▄▄▄▄▄▇▄█▄▆▄▄▄▄▂▂▃▃▂██▃▇▂▅▂▇▄▁▇▁
wandb: 
wandb: Run summary:
wandb:        epoch 40
wandb:   train_loss 0.5936
wandb: val_accuracy 0.72267
wandb:       val_f1 0.7451
wandb:     val_loss 0.58345
wandb: 
wandb: 🚀 View run run_lr0.0011_bs128_optadam at: https://wandb.ai/xmajercik-fiit-stu/bioresponse-mlp/runs/yfbhn1er
wandb: ⭐️ View project at: https://wandb.ai/xmajercik-fiit-stu/bioresponse-mlp
wandb: Synced 5 W&B file(s), 1 media file(s), 2 artifact file(s) and 0 other file(s)
wandb: Find logs at: ./wandb/run-20251109_160534-yfbhn1er/logs
wandb: Agent Starting Run: vf39zojr with config:
wandb: 	model.activation: relu
wandb: 	model.batch_norm: False
wandb: 	model.dropout: 0.2
wandb: 	model.hidden_layers: [256, 128, 64]
wandb: 	training.batch_size: 64
wandb: 	training.early_stopping.counter: 0
wandb: 	training.early_stopping.patience: 3
wandb: 	training.epochs: 40
wandb: 	training.learning_rate: 0.0007247673380954793
wandb: 	training.optimizer: sgd
wandb: WARNING Ignoring project 'bioresponse-mlp' when running a sweep.
wandb: WARNING Ignoring entity 'xmajercik-fiit-stu' when running a sweep.
wandb: Tracking run with wandb version 0.22.3
wandb: Run data is saved locally in /Users/tomasmajercik/School/5_semester/ZNEUS/project1/wandb/run-20251109_160544-vf39zojr
wandb: Run `wandb offline` to turn off syncing.
wandb: Syncing run peach-sweep-76
wandb: ⭐️ View project at https://wandb.ai/xmajercik-fiit-stu/bioresponse-mlp
wandb: 🧹 View sweep at https://wandb.ai/xmajercik-fiit-stu/bioresponse-mlp/sweeps/1cfqgjo7
wandb: 🚀 View run at https://wandb.ai/xmajercik-fiit-stu/bioresponse-mlp/runs/vf39zojr
wandb: updating run metadata; uploading artifact run-vf39zojr-final_conf_mat_table
wandb: uploading artifact run-vf39zojr-final_conf_mat_table; uploading output.log; uploading wandb-summary.json; uploading config.yaml
wandb: uploading artifact run-vf39zojr-final_conf_mat_table
wandb: 
wandb: Run history:
wandb:        epoch ▁▁▂▂▂▃▃▃▃▄▄▄▅▅▅▆▆▆▆▇▇▇██
wandb:   train_loss █▂▁▁▁▁▁▁▁▁▁▁▁▁▁▁▁▁▁▁▁▁▁▁
wandb: val_accuracy ▇▆▁▁▁█▇▁▇▇▇▁▆▇▁▆▇▆▇█▇▇▅▇
wandb:       val_f1 █▇▁▁▁██▁███▁▇█▁▇██████▆█
wandb:     val_loss ▃▂▃█▄▁▁▄▅▁▁▄▂▁▅▂▁▁▁▅▁▁▃▂
wandb: 
wandb: Run summary:
wandb:        epoch 24
wandb:   train_loss 0.70245
wandb: val_accuracy 0.52267
wandb:       val_f1 0.67979
wandb:     val_loss 0.69203
wandb: 
wandb: 🚀 View run run_lr0.0007_bs64_optsgd at: https://wandb.ai/xmajercik-fiit-stu/bioresponse-mlp/runs/vf39zojr
wandb: ⭐️ View project at: https://wandb.ai/xmajercik-fiit-stu/bioresponse-mlp
wandb: Synced 5 W&B file(s), 1 media file(s), 2 artifact file(s) and 0 other file(s)
wandb: Find logs at: ./wandb/run-20251109_160544-vf39zojr/logs
wandb: Agent Starting Run: 8x475hzt with config:
wandb: 	model.activation: relu
wandb: 	model.batch_norm: True
wandb: 	model.dropout: 0.3
wandb: 	model.hidden_layers: [512, 256, 128, 64]
wandb: 	training.batch_size: 128
wandb: 	training.early_stopping.counter: 0
wandb: 	training.early_stopping.patience: 3
wandb: 	training.epochs: 40
wandb: 	training.learning_rate: 0.0008471378749034793
wandb: 	training.optimizer: sgd
wandb: WARNING Ignoring project 'bioresponse-mlp' when running a sweep.
wandb: WARNING Ignoring entity 'xmajercik-fiit-stu' when running a sweep.
wandb: Tracking run with wandb version 0.22.3
wandb: Run data is saved locally in /Users/tomasmajercik/School/5_semester/ZNEUS/project1/wandb/run-20251109_160550-8x475hzt
wandb: Run `wandb offline` to turn off syncing.
wandb: Syncing run fearless-sweep-77
wandb: ⭐️ View project at https://wandb.ai/xmajercik-fiit-stu/bioresponse-mlp
wandb: 🧹 View sweep at https://wandb.ai/xmajercik-fiit-stu/bioresponse-mlp/sweeps/1cfqgjo7
wandb: 🚀 View run at https://wandb.ai/xmajercik-fiit-stu/bioresponse-mlp/runs/8x475hzt
wandb: updating run metadata; uploading artifact run-8x475hzt-final_conf_mat_table
wandb: uploading artifact run-8x475hzt-final_conf_mat_table; uploading wandb-summary.json; uploading config.yaml
wandb: uploading artifact run-8x475hzt-final_conf_mat_table
wandb: uploading history steps 0-26, summary, console lines 0-5
wandb: 
wandb: Run history:
wandb:        epoch ▁▁▂▂▂▂▃▃▃▄▄▄▄▅▅▅▅▆▆▆▇▇▇▇██
wandb:   train_loss █▇▅▆▇▅▇▄▄▆▄▅▅▄▄▄▅▅▂▄▄▃▅▃▁▃
wandb: val_accuracy ▄▃▃▁▄█▆▄▅▆▅▅▅▅▆▅▅▆▅▆▅▅██▆▇
wandb:       val_f1 ▁▃▃▁▄▇▆▂▅▇▆▆▆▆▆▆▆▆▆▆▆▆▇█▇█
wandb:     val_loss ▅▆▆▆▄▃▃█▄▃▃▃▃▃▂▂▂▂▂▂▂▁▁▁▂▁
wandb: 
wandb: Run summary:
wandb:        epoch 26
wandb:   train_loss 0.70688
wandb: val_accuracy 0.512
wandb:       val_f1 0.56532
wandb:     val_loss 0.69301
wandb: 
wandb: 🚀 View run run_lr0.0008_bs128_optsgd at: https://wandb.ai/xmajercik-fiit-stu/bioresponse-mlp/runs/8x475hzt
wandb: ⭐️ View project at: https://wandb.ai/xmajercik-fiit-stu/bioresponse-mlp
wandb: Synced 5 W&B file(s), 1 media file(s), 2 artifact file(s) and 0 other file(s)
wandb: Find logs at: ./wandb/run-20251109_160550-8x475hzt/logs
wandb: Agent Starting Run: rjhegb06 with config:
wandb: 	model.activation: tanh
wandb: 	model.batch_norm: True
wandb: 	model.dropout: 0.2
wandb: 	model.hidden_layers: [128, 64, 32]
wandb: 	training.batch_size: 64
wandb: 	training.early_stopping.counter: 0
wandb: 	training.early_stopping.patience: 5
wandb: 	training.epochs: 40
wandb: 	training.learning_rate: 0.000366160747358754
wandb: 	training.optimizer: sgd
wandb: WARNING Ignoring project 'bioresponse-mlp' when running a sweep.
wandb: WARNING Ignoring entity 'xmajercik-fiit-stu' when running a sweep.
wandb: setting up run rjhegb06
wandb: Tracking run with wandb version 0.22.3
wandb: Run data is saved locally in /Users/tomasmajercik/School/5_semester/ZNEUS/project1/wandb/run-20251109_160600-rjhegb06
wandb: Run `wandb offline` to turn off syncing.
wandb: Syncing run sweet-sweep-78
wandb: ⭐️ View project at https://wandb.ai/xmajercik-fiit-stu/bioresponse-mlp
wandb: 🧹 View sweep at https://wandb.ai/xmajercik-fiit-stu/bioresponse-mlp/sweeps/1cfqgjo7
wandb: 🚀 View run at https://wandb.ai/xmajercik-fiit-stu/bioresponse-mlp/runs/rjhegb06
wandb: updating run metadata; uploading artifact run-rjhegb06-final_conf_mat_table
wandb: uploading artifact run-rjhegb06-final_conf_mat_table; uploading media/table/final_conf_mat_table_13_3420cfa04ccab395d1d2.table.json; uploading output.log; uploading wandb-summary.json; uploading config.yaml
wandb: uploading artifact run-rjhegb06-final_conf_mat_table
wandb: uploading history steps 1-13, summary, console lines 0-4
wandb: 
wandb: Run history:
wandb:        epoch ▁▂▂▃▃▄▅▅▆▆▇▇█
wandb:   train_loss █▅█▅▅▅▁▅█▂▃▂▂
wandb: val_accuracy ▄▁▃▃▄▂▁▇▄▄█▂▂
wandb:       val_f1 ▁▁▃▃▆▂▃█▁▆█▄▄
wandb:     val_loss █▅▃▃▂▂▂▁▂▂▁▂▂
wandb: 
wandb: Run summary:
wandb:        epoch 13
wandb:   train_loss 0.69849
wandb: val_accuracy 0.50667
wandb:       val_f1 0.56471
wandb:     val_loss 0.69256
wandb: 
wandb: 🚀 View run run_lr0.0004_bs64_optsgd at: https://wandb.ai/xmajercik-fiit-stu/bioresponse-mlp/runs/rjhegb06
wandb: ⭐️ View project at: https://wandb.ai/xmajercik-fiit-stu/bioresponse-mlp
wandb: Synced 5 W&B file(s), 1 media file(s), 2 artifact file(s) and 0 other file(s)
wandb: Find logs at: ./wandb/run-20251109_160600-rjhegb06/logs
wandb: Agent Starting Run: 5zfx7jfx with config:
wandb: 	model.activation: tanh
wandb: 	model.batch_norm: False
wandb: 	model.dropout: 0.3
wandb: 	model.hidden_layers: [128, 256]
wandb: 	training.batch_size: 256
wandb: 	training.early_stopping.counter: 0
wandb: 	training.early_stopping.patience: 8
wandb: 	training.epochs: 40
wandb: 	training.learning_rate: 0.007378442068341443
wandb: 	training.optimizer: adam
wandb: WARNING Ignoring project 'bioresponse-mlp' when running a sweep.
wandb: WARNING Ignoring entity 'xmajercik-fiit-stu' when running a sweep.
wandb: Tracking run with wandb version 0.22.3
wandb: Run data is saved locally in /Users/tomasmajercik/School/5_semester/ZNEUS/project1/wandb/run-20251109_160611-5zfx7jfx
wandb: Run `wandb offline` to turn off syncing.
wandb: Syncing run swift-sweep-79
wandb: ⭐️ View project at https://wandb.ai/xmajercik-fiit-stu/bioresponse-mlp
wandb: 🧹 View sweep at https://wandb.ai/xmajercik-fiit-stu/bioresponse-mlp/sweeps/1cfqgjo7
wandb: 🚀 View run at https://wandb.ai/xmajercik-fiit-stu/bioresponse-mlp/runs/5zfx7jfx
wandb: updating run metadata; uploading artifact run-5zfx7jfx-final_conf_mat_table
wandb: uploading artifact run-5zfx7jfx-final_conf_mat_table; uploading media/table/final_conf_mat_table_23_380c924e57f91af4429a.table.json; uploading output.log; uploading wandb-summary.json; uploading config.yaml
wandb: uploading artifact run-5zfx7jfx-final_conf_mat_table
wandb: uploading history steps 0-23, summary, console lines 0-5
wandb: 
wandb: Run history:
wandb:        epoch ▁▁▂▂▂▃▃▃▄▄▄▅▅▅▅▆▆▆▇▇▇██
wandb:   train_loss █▂▁▁▁▁▁▁▁▁▁▁▁▂▂▁▁▁▁▁▁▁▁
wandb: val_accuracy ▁▁█▁██▁██▁█▁█▁████████▁
wandb:       val_f1 ▁▁█▁██▁██▁█▁█▁████████▁
wandb:     val_loss █▃▁▂▂▁▃▂▁▂▂▂▃▂▁▁▁▂▂▁▁▁▃
wandb: 
wandb: Run summary:
wandb:        epoch 23
wandb:   train_loss 0.69354
wandb: val_accuracy 0.45867
wandb:       val_f1 0
wandb:     val_loss 0.70536
wandb: 
wandb: 🚀 View run run_lr0.0074_bs256_optadam at: https://wandb.ai/xmajercik-fiit-stu/bioresponse-mlp/runs/5zfx7jfx
wandb: ⭐️ View project at: https://wandb.ai/xmajercik-fiit-stu/bioresponse-mlp
wandb: Synced 5 W&B file(s), 1 media file(s), 2 artifact file(s) and 0 other file(s)
wandb: Find logs at: ./wandb/run-20251109_160611-5zfx7jfx/logs
wandb: Agent Starting Run: cq0um8bq with config:
wandb: 	model.activation: tanh
wandb: 	model.batch_norm: False
wandb: 	model.dropout: 0.2
wandb: 	model.hidden_layers: [128, 64, 32]
wandb: 	training.batch_size: 256
wandb: 	training.early_stopping.counter: 0
wandb: 	training.early_stopping.patience: 8
wandb: 	training.epochs: 40
wandb: 	training.learning_rate: 0.0029447248349756265
wandb: 	training.optimizer: sgd
wandb: WARNING Ignoring project 'bioresponse-mlp' when running a sweep.
wandb: WARNING Ignoring entity 'xmajercik-fiit-stu' when running a sweep.
wandb: Tracking run with wandb version 0.22.3
wandb: Run data is saved locally in /Users/tomasmajercik/School/5_semester/ZNEUS/project1/wandb/run-20251109_160616-cq0um8bq
wandb: Run `wandb offline` to turn off syncing.
wandb: Syncing run polished-sweep-80
wandb: ⭐️ View project at https://wandb.ai/xmajercik-fiit-stu/bioresponse-mlp
wandb: 🧹 View sweep at https://wandb.ai/xmajercik-fiit-stu/bioresponse-mlp/sweeps/1cfqgjo7
wandb: 🚀 View run at https://wandb.ai/xmajercik-fiit-stu/bioresponse-mlp/runs/cq0um8bq
wandb: updating run metadata; uploading artifact run-cq0um8bq-final_conf_mat_table
wandb: uploading artifact run-cq0um8bq-final_conf_mat_table; uploading output.log; uploading wandb-summary.json; uploading config.yaml
wandb: uploading artifact run-cq0um8bq-final_conf_mat_table
wandb: uploading history steps 0-19, summary, console lines 0-4
wandb: 
wandb: Run history:
wandb:        epoch ▁▁▂▂▃▃▃▄▄▅▅▅▆▆▆▇▇██
wandb:   train_loss █▅▂▂▃▄▄▄▆▃▃▁▃▅▅▃▁▂▃
wandb: val_accuracy ▁▁▁▁▁▁▁▁▁▁▁▁▁▁▁▁▁▁▁
wandb:       val_f1 ▁▁▁▁▁▁▁▁▁▁▁▁▁▁▁▁▁▁▁
wandb:     val_loss █▃▂▂▁▂▁▁▁▁▁▁▁▁▁▁▁▁▁
wandb: 
wandb: Run summary:
wandb:        epoch 19
wandb:   train_loss 0.69164
wandb: val_accuracy 0.54133
wandb:       val_f1 0.70242
wandb:     val_loss 0.68775
wandb: 
wandb: 🚀 View run run_lr0.0029_bs256_optsgd at: https://wandb.ai/xmajercik-fiit-stu/bioresponse-mlp/runs/cq0um8bq
wandb: ⭐️ View project at: https://wandb.ai/xmajercik-fiit-stu/bioresponse-mlp
wandb: Synced 5 W&B file(s), 1 media file(s), 2 artifact file(s) and 0 other file(s)
wandb: Find logs at: ./wandb/run-20251109_160616-cq0um8bq/logs
wandb: Agent Starting Run: krwph8wf with config:
wandb: 	model.activation: relu
wandb: 	model.batch_norm: False
wandb: 	model.dropout: 0.5
wandb: 	model.hidden_layers: [128, 128, 64, 128, 64]
wandb: 	training.batch_size: 128
wandb: 	training.early_stopping.counter: 0
wandb: 	training.early_stopping.patience: 8
wandb: 	training.epochs: 40
wandb: 	training.learning_rate: 0.02553981662928564
wandb: 	training.optimizer: adamw
wandb: WARNING Ignoring project 'bioresponse-mlp' when running a sweep.
wandb: WARNING Ignoring entity 'xmajercik-fiit-stu' when running a sweep.
wandb: Tracking run with wandb version 0.22.3
wandb: Run data is saved locally in /Users/tomasmajercik/School/5_semester/ZNEUS/project1/wandb/run-20251109_160621-krwph8wf
wandb: Run `wandb offline` to turn off syncing.
wandb: Syncing run peachy-sweep-81
wandb: ⭐️ View project at https://wandb.ai/xmajercik-fiit-stu/bioresponse-mlp
wandb: 🧹 View sweep at https://wandb.ai/xmajercik-fiit-stu/bioresponse-mlp/sweeps/1cfqgjo7
wandb: 🚀 View run at https://wandb.ai/xmajercik-fiit-stu/bioresponse-mlp/runs/krwph8wf
wandb: updating run metadata; uploading artifact run-krwph8wf-final_conf_mat_table
wandb: uploading artifact run-krwph8wf-final_conf_mat_table; uploading wandb-summary.json; uploading media/table/final_conf_mat_table_13_380c924e57f91af4429a.table.json; uploading output.log; uploading config.yaml
wandb: uploading artifact run-krwph8wf-final_conf_mat_table
wandb: uploading history steps 1-13, summary, console lines 0-4
wandb: 
wandb: Run history:
wandb:        epoch ▁▂▂▃▃▄▅▅▆▆▇▇█
wandb:   train_loss █▂▁▁▁▁▁▁▁▁▁▁▁
wandb: val_accuracy █▁███████████
wandb:       val_f1 █▁███████████
wandb:     val_loss █▁▁▁▁▁▁▁▁▁▁▁▁
wandb: 
wandb: Run summary:
wandb:        epoch 13
wandb:   train_loss 0.68939
wandb: val_accuracy 0.54133
wandb:       val_f1 0.70242
wandb:     val_loss 0.68962
wandb: 
wandb: 🚀 View run run_lr0.0255_bs128_optadamw at: https://wandb.ai/xmajercik-fiit-stu/bioresponse-mlp/runs/krwph8wf
wandb: ⭐️ View project at: https://wandb.ai/xmajercik-fiit-stu/bioresponse-mlp
wandb: Synced 5 W&B file(s), 1 media file(s), 2 artifact file(s) and 0 other file(s)
wandb: Find logs at: ./wandb/run-20251109_160621-krwph8wf/logs
wandb: Agent Starting Run: zi2rrmew with config:
wandb: 	model.activation: tanh
wandb: 	model.batch_norm: False
wandb: 	model.dropout: 0.2
wandb: 	model.hidden_layers: [256, 128, 64]
wandb: 	training.batch_size: 256
wandb: 	training.early_stopping.counter: 0
wandb: 	training.early_stopping.patience: 3
wandb: 	training.epochs: 40
wandb: 	training.learning_rate: 0.0007782417392171062
wandb: 	training.optimizer: adam
wandb: WARNING Ignoring project 'bioresponse-mlp' when running a sweep.
wandb: WARNING Ignoring entity 'xmajercik-fiit-stu' when running a sweep.
wandb: Tracking run with wandb version 0.22.3
wandb: Run data is saved locally in /Users/tomasmajercik/School/5_semester/ZNEUS/project1/wandb/run-20251109_160627-zi2rrmew
wandb: Run `wandb offline` to turn off syncing.
wandb: Syncing run sparkling-sweep-82
wandb: ⭐️ View project at https://wandb.ai/xmajercik-fiit-stu/bioresponse-mlp
wandb: 🧹 View sweep at https://wandb.ai/xmajercik-fiit-stu/bioresponse-mlp/sweeps/1cfqgjo7
wandb: 🚀 View run at https://wandb.ai/xmajercik-fiit-stu/bioresponse-mlp/runs/zi2rrmew
wandb: updating run metadata; uploading artifact run-zi2rrmew-final_conf_mat_table
wandb: uploading artifact run-zi2rrmew-final_conf_mat_table; uploading media/table/final_conf_mat_table_6_380c924e57f91af4429a.table.json; uploading output.log; uploading config.yaml
wandb: uploading artifact run-zi2rrmew-final_conf_mat_table
wandb: uploading history steps 1-6, summary, console lines 0-3
wandb: 
wandb: Run history:
wandb:        epoch ▁▂▄▅▇█
wandb:   train_loss █▃▄▄▁▁
wandb: val_accuracy ▁▁▁▁▁▁
wandb:       val_f1 ▁▁▁▁▁▁
wandb:     val_loss ▅▂▁▂▂█
wandb: 
wandb: Run summary:
wandb:        epoch 6
wandb:   train_loss 0.68904
wandb: val_accuracy 0.54133
wandb:       val_f1 0.70242
wandb:     val_loss 0.68935
wandb: 
wandb: 🚀 View run run_lr0.0008_bs256_optadam at: https://wandb.ai/xmajercik-fiit-stu/bioresponse-mlp/runs/zi2rrmew
wandb: ⭐️ View project at: https://wandb.ai/xmajercik-fiit-stu/bioresponse-mlp
wandb: Synced 5 W&B file(s), 1 media file(s), 2 artifact file(s) and 0 other file(s)
wandb: Find logs at: ./wandb/run-20251109_160627-zi2rrmew/logs
wandb: Agent Starting Run: mflebzby with config:
wandb: 	model.activation: relu
wandb: 	model.batch_norm: True
wandb: 	model.dropout: 0.2
wandb: 	model.hidden_layers: [256, 128, 64]
wandb: 	training.batch_size: 64
wandb: 	training.early_stopping.counter: 0
wandb: 	training.early_stopping.patience: 5
wandb: 	training.epochs: 40
wandb: 	training.learning_rate: 0.05703103770912881
wandb: 	training.optimizer: adam
wandb: WARNING Ignoring project 'bioresponse-mlp' when running a sweep.
wandb: WARNING Ignoring entity 'xmajercik-fiit-stu' when running a sweep.
wandb: Tracking run with wandb version 0.22.3
wandb: Run data is saved locally in /Users/tomasmajercik/School/5_semester/ZNEUS/project1/wandb/run-20251109_160632-mflebzby
wandb: Run `wandb offline` to turn off syncing.
wandb: Syncing run fearless-sweep-83
wandb: ⭐️ View project at https://wandb.ai/xmajercik-fiit-stu/bioresponse-mlp
wandb: 🧹 View sweep at https://wandb.ai/xmajercik-fiit-stu/bioresponse-mlp/sweeps/1cfqgjo7
wandb: 🚀 View run at https://wandb.ai/xmajercik-fiit-stu/bioresponse-mlp/runs/mflebzby
wandb: updating run metadata; uploading artifact run-mflebzby-final_conf_mat_table
wandb: uploading artifact run-mflebzby-final_conf_mat_table; uploading output.log; uploading wandb-summary.json; uploading config.yaml
wandb: uploading artifact run-mflebzby-final_conf_mat_table; uploading wandb-summary.json
wandb: uploading artifact run-mflebzby-final_conf_mat_table
wandb: 
wandb: Run history:
wandb:        epoch ▁▂▃▃▄▅▆▆▇█
wandb:   train_loss █▃▁▁▁▁▁▁▂▁
wandb: val_accuracy ▁▁▁▁▁▁▁▁▁▁
wandb:       val_f1 ▁▁▁▁▁▁▁▁▁▁
wandb:     val_loss ▆▄█▄▁▄▃█▂▄
wandb: 
wandb: Run summary:
wandb:        epoch 10
wandb:   train_loss 0.68993
wandb: val_accuracy 0.54133
wandb:       val_f1 0.70242
wandb:     val_loss 0.69016
wandb: 
wandb: 🚀 View run run_lr0.0570_bs64_optadam at: https://wandb.ai/xmajercik-fiit-stu/bioresponse-mlp/runs/mflebzby
wandb: ⭐️ View project at: https://wandb.ai/xmajercik-fiit-stu/bioresponse-mlp
wandb: Synced 5 W&B file(s), 1 media file(s), 2 artifact file(s) and 0 other file(s)
wandb: Find logs at: ./wandb/run-20251109_160632-mflebzby/logs
wandb: Sweep Agent: Waiting for job.
wandb: Job received.
wandb: Agent Starting Run: 12sdg877 with config:
wandb: 	model.activation: relu
wandb: 	model.batch_norm: True
wandb: 	model.dropout: 0.2
wandb: 	model.hidden_layers: [128, 256]
wandb: 	training.batch_size: 128
wandb: 	training.early_stopping.counter: 0
wandb: 	training.early_stopping.patience: 3
wandb: 	training.epochs: 40
wandb: 	training.learning_rate: 0.05288786051571628
wandb: 	training.optimizer: sgd
wandb: WARNING Ignoring project 'bioresponse-mlp' when running a sweep.
wandb: WARNING Ignoring entity 'xmajercik-fiit-stu' when running a sweep.
wandb: Tracking run with wandb version 0.22.3
wandb: Run data is saved locally in /Users/tomasmajercik/School/5_semester/ZNEUS/project1/wandb/run-20251109_160647-12sdg877
wandb: Run `wandb offline` to turn off syncing.
wandb: Syncing run fanciful-sweep-84
wandb: ⭐️ View project at https://wandb.ai/xmajercik-fiit-stu/bioresponse-mlp
wandb: 🧹 View sweep at https://wandb.ai/xmajercik-fiit-stu/bioresponse-mlp/sweeps/1cfqgjo7
wandb: 🚀 View run at https://wandb.ai/xmajercik-fiit-stu/bioresponse-mlp/runs/12sdg877
wandb: updating run metadata; uploading artifact run-12sdg877-final_conf_mat_table
wandb: uploading artifact run-12sdg877-final_conf_mat_table; uploading media/table/final_conf_mat_table_12_3f4897569b6e23a7ed4a.table.json; uploading wandb-summary.json; uploading config.yaml
wandb: uploading artifact run-12sdg877-final_conf_mat_table
wandb: uploading history steps 0-12, summary, console lines 0-4
wandb: 
wandb: Run history:
wandb:        epoch ▁▂▂▃▄▄▅▅▆▇▇█
wandb:   train_loss ▇▇▂█▂▃▁▇▄▁▂▄
wandb: val_accuracy ▁▄▆▃▂▄█▂▄▄▁▆
wandb:       val_f1 ▄▅█▆▅▅▇▁▆▅▅█
wandb:     val_loss ▆█▄▁▂▂▁▄▁▇▂▁
wandb: 
wandb: Run summary:
wandb:        epoch 12
wandb:   train_loss 0.69831
wandb: val_accuracy 0.54133
wandb:       val_f1 0.70242
wandb:     val_loss 0.6894
wandb: 
wandb: 🚀 View run run_lr0.0529_bs128_optsgd at: https://wandb.ai/xmajercik-fiit-stu/bioresponse-mlp/runs/12sdg877
wandb: ⭐️ View project at: https://wandb.ai/xmajercik-fiit-stu/bioresponse-mlp
wandb: Synced 5 W&B file(s), 1 media file(s), 2 artifact file(s) and 0 other file(s)
wandb: Find logs at: ./wandb/run-20251109_160647-12sdg877/logs
wandb: Agent Starting Run: ee4c31jd with config:
wandb: 	model.activation: relu
wandb: 	model.batch_norm: False
wandb: 	model.dropout: 0.5
wandb: 	model.hidden_layers: [512]
wandb: 	training.batch_size: 128
wandb: 	training.early_stopping.counter: 0
wandb: 	training.early_stopping.patience: 5
wandb: 	training.epochs: 40
wandb: 	training.learning_rate: 0.0018558302139911156
wandb: 	training.optimizer: adamw
wandb: WARNING Ignoring project 'bioresponse-mlp' when running a sweep.
wandb: WARNING Ignoring entity 'xmajercik-fiit-stu' when running a sweep.
wandb: Tracking run with wandb version 0.22.3
wandb: Run data is saved locally in /Users/tomasmajercik/School/5_semester/ZNEUS/project1/wandb/run-20251109_160653-ee4c31jd
wandb: Run `wandb offline` to turn off syncing.
wandb: Syncing run clean-sweep-85
wandb: ⭐️ View project at https://wandb.ai/xmajercik-fiit-stu/bioresponse-mlp
wandb: 🧹 View sweep at https://wandb.ai/xmajercik-fiit-stu/bioresponse-mlp/sweeps/1cfqgjo7
wandb: 🚀 View run at https://wandb.ai/xmajercik-fiit-stu/bioresponse-mlp/runs/ee4c31jd
wandb: updating run metadata; uploading artifact run-ee4c31jd-final_conf_mat_table
wandb: uploading artifact run-ee4c31jd-final_conf_mat_table; uploading output.log; uploading wandb-summary.json; uploading config.yaml
wandb: uploading artifact run-ee4c31jd-final_conf_mat_table
wandb: uploading history steps 1-9, summary, console lines 0-3
wandb: 
wandb: Run history:
wandb:        epoch ▁▂▃▄▅▅▆▇█
wandb:   train_loss ▃▇█▃▁▇▆▅▇
wandb: val_accuracy ██▁▁▁▁▁▁▁
wandb:       val_f1 ██▁▁▁▁▁▁▁
wandb:     val_loss █▇▆▁▆▆▂██
wandb: 
wandb: Run summary:
wandb:        epoch 9
wandb:   train_loss 45.07336
wandb: val_accuracy 0.53867
wandb:       val_f1 0.70017
wandb:     val_loss 45.77907
wandb: 
wandb: 🚀 View run run_lr0.0019_bs128_optadamw at: https://wandb.ai/xmajercik-fiit-stu/bioresponse-mlp/runs/ee4c31jd
wandb: ⭐️ View project at: https://wandb.ai/xmajercik-fiit-stu/bioresponse-mlp
wandb: Synced 5 W&B file(s), 1 media file(s), 2 artifact file(s) and 0 other file(s)
wandb: Find logs at: ./wandb/run-20251109_160653-ee4c31jd/logs
wandb: Agent Starting Run: f7j14wzm with config:
wandb: 	model.activation: relu
wandb: 	model.batch_norm: True
wandb: 	model.dropout: 0.3
wandb: 	model.hidden_layers: [512]
wandb: 	training.batch_size: 128
wandb: 	training.early_stopping.counter: 0
wandb: 	training.early_stopping.patience: 8
wandb: 	training.epochs: 40
wandb: 	training.learning_rate: 0.011379383649653943
wandb: 	training.optimizer: sgd
wandb: WARNING Ignoring project 'bioresponse-mlp' when running a sweep.
wandb: WARNING Ignoring entity 'xmajercik-fiit-stu' when running a sweep.
wandb: Tracking run with wandb version 0.22.3
wandb: Run data is saved locally in /Users/tomasmajercik/School/5_semester/ZNEUS/project1/wandb/run-20251109_160658-f7j14wzm
wandb: Run `wandb offline` to turn off syncing.
wandb: Syncing run proud-sweep-86
wandb: ⭐️ View project at https://wandb.ai/xmajercik-fiit-stu/bioresponse-mlp
wandb: 🧹 View sweep at https://wandb.ai/xmajercik-fiit-stu/bioresponse-mlp/sweeps/1cfqgjo7
wandb: 🚀 View run at https://wandb.ai/xmajercik-fiit-stu/bioresponse-mlp/runs/f7j14wzm
wandb: updating run metadata; uploading artifact run-f7j14wzm-final_conf_mat_table
wandb: uploading artifact run-f7j14wzm-final_conf_mat_table; uploading config.yaml
wandb: uploading artifact run-f7j14wzm-final_conf_mat_table
wandb: 
wandb: Run history:
wandb:        epoch ▁▁▂▂▃▃▄▄▅▅▆▆▇▇██
wandb:   train_loss █▃▂▃▁▃▆▂▅▅▁▄▁▇▃▁
wandb: val_accuracy ▇▁▅██▃██▇███████
wandb:       val_f1 ▅▁▅██▂██▇███████
wandb:     val_loss ▁▁▁▁▁▁▁▁▁▁▁▁█▁▁▁
wandb: 
wandb: Run summary:
wandb:        epoch 16
wandb:   train_loss 0.69628
wandb: val_accuracy 0.54133
wandb:       val_f1 0.70242
wandb:     val_loss 0.6899
wandb: 
wandb: 🚀 View run run_lr0.0114_bs128_optsgd at: https://wandb.ai/xmajercik-fiit-stu/bioresponse-mlp/runs/f7j14wzm
wandb: ⭐️ View project at: https://wandb.ai/xmajercik-fiit-stu/bioresponse-mlp
wandb: Synced 5 W&B file(s), 1 media file(s), 2 artifact file(s) and 0 other file(s)
wandb: Find logs at: ./wandb/run-20251109_160658-f7j14wzm/logs
wandb: Sweep Agent: Waiting for job.
wandb: Job received.
wandb: Agent Starting Run: 439pe7ej with config:
wandb: 	model.activation: relu
wandb: 	model.batch_norm: False
wandb: 	model.dropout: 0.3
wandb: 	model.hidden_layers: [64, 128, 256]
wandb: 	training.batch_size: 64
wandb: 	training.early_stopping.counter: 0
wandb: 	training.early_stopping.patience: 3
wandb: 	training.epochs: 40
wandb: 	training.learning_rate: 0.00016769192958456387
wandb: 	training.optimizer: adam
wandb: WARNING Ignoring project 'bioresponse-mlp' when running a sweep.
wandb: WARNING Ignoring entity 'xmajercik-fiit-stu' when running a sweep.
wandb: Tracking run with wandb version 0.22.3
wandb: Run data is saved locally in /Users/tomasmajercik/School/5_semester/ZNEUS/project1/wandb/run-20251109_160714-439pe7ej
wandb: Run `wandb offline` to turn off syncing.
wandb: Syncing run apricot-sweep-87
wandb: ⭐️ View project at https://wandb.ai/xmajercik-fiit-stu/bioresponse-mlp
wandb: 🧹 View sweep at https://wandb.ai/xmajercik-fiit-stu/bioresponse-mlp/sweeps/1cfqgjo7
wandb: 🚀 View run at https://wandb.ai/xmajercik-fiit-stu/bioresponse-mlp/runs/439pe7ej
wandb: updating run metadata; uploading artifact run-439pe7ej-final_conf_mat_table
wandb: uploading artifact run-439pe7ej-final_conf_mat_table; uploading output.log; uploading wandb-summary.json; uploading config.yaml
wandb: uploading artifact run-439pe7ej-final_conf_mat_table
wandb: uploading history steps 0-6, summary, console lines 0-3
wandb: 
wandb: Run history:
wandb:        epoch ▁▂▄▅▇█
wandb:   train_loss █▆▃▂▂▁
wandb: val_accuracy ██▆▁██
wandb:       val_f1 ██▇▁██
wandb:     val_loss █▄▁▁▁▂
wandb: 
wandb: Run summary:
wandb:        epoch 6
wandb:   train_loss 2.93051
wandb: val_accuracy 0.54133
wandb:       val_f1 0.70242
wandb:     val_loss 0.87119
wandb: 
wandb: 🚀 View run run_lr0.0002_bs64_optadam at: https://wandb.ai/xmajercik-fiit-stu/bioresponse-mlp/runs/439pe7ej
wandb: ⭐️ View project at: https://wandb.ai/xmajercik-fiit-stu/bioresponse-mlp
wandb: Synced 5 W&B file(s), 1 media file(s), 2 artifact file(s) and 0 other file(s)
wandb: Find logs at: ./wandb/run-20251109_160714-439pe7ej/logs
wandb: Agent Starting Run: rndew1zu with config:
wandb: 	model.activation: tanh
wandb: 	model.batch_norm: True
wandb: 	model.dropout: 0.5
wandb: 	model.hidden_layers: [512]
wandb: 	training.batch_size: 128
wandb: 	training.early_stopping.counter: 0
wandb: 	training.early_stopping.patience: 8
wandb: 	training.epochs: 40
wandb: 	training.learning_rate: 0.059702594814684526
wandb: 	training.optimizer: rmsprop
wandb: WARNING Ignoring project 'bioresponse-mlp' when running a sweep.
wandb: WARNING Ignoring entity 'xmajercik-fiit-stu' when running a sweep.
wandb: Tracking run with wandb version 0.22.3
wandb: Run data is saved locally in /Users/tomasmajercik/School/5_semester/ZNEUS/project1/wandb/run-20251109_160719-rndew1zu
wandb: Run `wandb offline` to turn off syncing.
wandb: Syncing run youthful-sweep-88
wandb: ⭐️ View project at https://wandb.ai/xmajercik-fiit-stu/bioresponse-mlp
wandb: 🧹 View sweep at https://wandb.ai/xmajercik-fiit-stu/bioresponse-mlp/sweeps/1cfqgjo7
wandb: 🚀 View run at https://wandb.ai/xmajercik-fiit-stu/bioresponse-mlp/runs/rndew1zu
wandb: updating run metadata; uploading artifact run-rndew1zu-final_conf_mat_table
wandb: uploading artifact run-rndew1zu-final_conf_mat_table; uploading output.log; uploading wandb-summary.json; uploading config.yaml
wandb: uploading artifact run-rndew1zu-final_conf_mat_table
wandb: 
wandb: Run history:
wandb:        epoch ▁▂▃▄▅▅▆▇█
wandb:   train_loss ▁█▇███▇██
wandb: val_accuracy ▁▁▁▁▁▁▁▁▁
wandb:       val_f1 ▁▁▁▁▁▁▁▁▁
wandb:     val_loss ▁▁▁▁▁▁▁▁▁
wandb: 
wandb: Run summary:
wandb:        epoch 9
wandb:   train_loss 45.82403
wandb: val_accuracy 0.54133
wandb:       val_f1 0.70242
wandb:     val_loss 45.77644
wandb: 
wandb: 🚀 View run run_lr0.0597_bs128_optrmsprop at: https://wandb.ai/xmajercik-fiit-stu/bioresponse-mlp/runs/rndew1zu
wandb: ⭐️ View project at: https://wandb.ai/xmajercik-fiit-stu/bioresponse-mlp
wandb: Synced 5 W&B file(s), 1 media file(s), 2 artifact file(s) and 0 other file(s)
wandb: Find logs at: ./wandb/run-20251109_160719-rndew1zu/logs
wandb: Agent Starting Run: xxbwczz8 with config:
wandb: 	model.activation: relu
wandb: 	model.batch_norm: True
wandb: 	model.dropout: 0.2
wandb: 	model.hidden_layers: [128, 64, 32]
wandb: 	training.batch_size: 64
wandb: 	training.early_stopping.counter: 0
wandb: 	training.early_stopping.patience: 5
wandb: 	training.epochs: 40
wandb: 	training.learning_rate: 0.0040237500522112895
wandb: 	training.optimizer: adam
wandb: WARNING Ignoring project 'bioresponse-mlp' when running a sweep.
wandb: WARNING Ignoring entity 'xmajercik-fiit-stu' when running a sweep.
wandb: Tracking run with wandb version 0.22.3
wandb: Run data is saved locally in /Users/tomasmajercik/School/5_semester/ZNEUS/project1/wandb/run-20251109_160725-xxbwczz8
wandb: Run `wandb offline` to turn off syncing.
wandb: Syncing run stoic-sweep-89
wandb: ⭐️ View project at https://wandb.ai/xmajercik-fiit-stu/bioresponse-mlp
wandb: 🧹 View sweep at https://wandb.ai/xmajercik-fiit-stu/bioresponse-mlp/sweeps/1cfqgjo7
wandb: 🚀 View run at https://wandb.ai/xmajercik-fiit-stu/bioresponse-mlp/runs/xxbwczz8
wandb: updating run metadata; uploading artifact run-xxbwczz8-final_conf_mat_table; uploading wandb-metadata.json
wandb: uploading artifact run-xxbwczz8-final_conf_mat_table; uploading wandb-summary.json; uploading config.yaml
wandb: uploading artifact run-xxbwczz8-final_conf_mat_table
wandb: uploading history steps 1-10, summary, console lines 0-4
wandb: 
wandb: Run history:
wandb:        epoch ▁▂▃▃▄▅▆▆▇█
wandb:   train_loss █▅▅▃▂▂▃▂▂▁
wandb: val_accuracy ▇▁▇▅▆▇▇▇█▇
wandb:       val_f1 █▁█▆▇▅████
wandb:     val_loss █▂▁▂▁▁▁▁▁▁
wandb: 
wandb: Run summary:
wandb:        epoch 10
wandb:   train_loss 0.68924
wandb: val_accuracy 0.54133
wandb:       val_f1 0.70242
wandb:     val_loss 0.68783
wandb: 
wandb: 🚀 View run run_lr0.0040_bs64_optadam at: https://wandb.ai/xmajercik-fiit-stu/bioresponse-mlp/runs/xxbwczz8
wandb: ⭐️ View project at: https://wandb.ai/xmajercik-fiit-stu/bioresponse-mlp
wandb: Synced 5 W&B file(s), 1 media file(s), 2 artifact file(s) and 0 other file(s)
wandb: Find logs at: ./wandb/run-20251109_160725-xxbwczz8/logs
wandb: Agent Starting Run: v2z51mpb with config:
wandb: 	model.activation: tanh
wandb: 	model.batch_norm: False
wandb: 	model.dropout: 0.3
wandb: 	model.hidden_layers: [64, 128, 256]
wandb: 	training.batch_size: 64
wandb: 	training.early_stopping.counter: 0
wandb: 	training.early_stopping.patience: 3
wandb: 	training.epochs: 40
wandb: 	training.learning_rate: 0.0006374711113895582
wandb: 	training.optimizer: adamw
wandb: WARNING Ignoring project 'bioresponse-mlp' when running a sweep.
wandb: WARNING Ignoring entity 'xmajercik-fiit-stu' when running a sweep.
wandb: Tracking run with wandb version 0.22.3
wandb: Run data is saved locally in /Users/tomasmajercik/School/5_semester/ZNEUS/project1/wandb/run-20251109_160730-v2z51mpb
wandb: Run `wandb offline` to turn off syncing.
wandb: Syncing run royal-sweep-90
wandb: ⭐️ View project at https://wandb.ai/xmajercik-fiit-stu/bioresponse-mlp
wandb: 🧹 View sweep at https://wandb.ai/xmajercik-fiit-stu/bioresponse-mlp/sweeps/1cfqgjo7
wandb: 🚀 View run at https://wandb.ai/xmajercik-fiit-stu/bioresponse-mlp/runs/v2z51mpb
wandb: updating run metadata; uploading artifact run-v2z51mpb-final_conf_mat_table
wandb: uploading artifact run-v2z51mpb-final_conf_mat_table; uploading output.log; uploading wandb-summary.json; uploading config.yaml
wandb: uploading artifact run-v2z51mpb-final_conf_mat_table
wandb: uploading history steps 0-8, summary, console lines 0-3
wandb: 
wandb: Run history:
wandb:        epoch ▁▂▃▄▅▆▇█
wandb:   train_loss █▁▅▇▃▂▃▁
wandb: val_accuracy ███▁██▂█
wandb:       val_f1 ███▁██▂█
wandb:     val_loss ▁▂▃█▁▁▅▃
wandb: 
wandb: Run summary:
wandb:        epoch 8
wandb:   train_loss 0.69176
wandb: val_accuracy 0.54133
wandb:       val_f1 0.70242
wandb:     val_loss 0.69143
wandb: 
wandb: 🚀 View run run_lr0.0006_bs64_optadamw at: https://wandb.ai/xmajercik-fiit-stu/bioresponse-mlp/runs/v2z51mpb
wandb: ⭐️ View project at: https://wandb.ai/xmajercik-fiit-stu/bioresponse-mlp
wandb: Synced 5 W&B file(s), 1 media file(s), 2 artifact file(s) and 0 other file(s)
wandb: Find logs at: ./wandb/run-20251109_160730-v2z51mpb/logs
wandb: Agent Starting Run: vvy9qrwt with config:
wandb: 	model.activation: relu
wandb: 	model.batch_norm: False
wandb: 	model.dropout: 0.3
wandb: 	model.hidden_layers: [128, 128, 64, 128, 64]
wandb: 	training.batch_size: 128
wandb: 	training.early_stopping.counter: 0
wandb: 	training.early_stopping.patience: 8
wandb: 	training.epochs: 40
wandb: 	training.learning_rate: 0.001888350409421533
wandb: 	training.optimizer: sgd
wandb: WARNING Ignoring project 'bioresponse-mlp' when running a sweep.
wandb: WARNING Ignoring entity 'xmajercik-fiit-stu' when running a sweep.
wandb: Tracking run with wandb version 0.22.3
wandb: Run data is saved locally in /Users/tomasmajercik/School/5_semester/ZNEUS/project1/wandb/run-20251109_160735-vvy9qrwt
wandb: Run `wandb offline` to turn off syncing.
wandb: Syncing run leafy-sweep-91
wandb: ⭐️ View project at https://wandb.ai/xmajercik-fiit-stu/bioresponse-mlp
wandb: 🧹 View sweep at https://wandb.ai/xmajercik-fiit-stu/bioresponse-mlp/sweeps/1cfqgjo7
wandb: 🚀 View run at https://wandb.ai/xmajercik-fiit-stu/bioresponse-mlp/runs/vvy9qrwt
wandb: updating run metadata; uploading artifact run-vvy9qrwt-final_conf_mat_table
wandb: uploading artifact run-vvy9qrwt-final_conf_mat_table; uploading output.log; uploading wandb-summary.json; uploading config.yaml
wandb: uploading artifact run-vvy9qrwt-final_conf_mat_table
wandb: uploading history steps 0-13, summary, console lines 0-4
wandb: 
wandb: Run history:
wandb:        epoch ▁▂▂▃▃▄▅▅▆▆▇▇█
wandb:   train_loss █▄▂▂▂▁▁▁▁▁▁▁▁
wandb: val_accuracy ▁▁███████████
wandb:       val_f1 ▁▂███████████
wandb:     val_loss █▇▁▂▁▁▂▂▁▂▂▂▂
wandb: 
wandb: Run summary:
wandb:        epoch 13
wandb:   train_loss 0.71254
wandb: val_accuracy 0.54133
wandb:       val_f1 0.70242
wandb:     val_loss 0.69046
wandb: 
wandb: 🚀 View run run_lr0.0019_bs128_optsgd at: https://wandb.ai/xmajercik-fiit-stu/bioresponse-mlp/runs/vvy9qrwt
wandb: ⭐️ View project at: https://wandb.ai/xmajercik-fiit-stu/bioresponse-mlp
wandb: Synced 5 W&B file(s), 1 media file(s), 2 artifact file(s) and 0 other file(s)
wandb: Find logs at: ./wandb/run-20251109_160735-vvy9qrwt/logs
wandb: Agent Starting Run: dtnbdcec with config:
wandb: 	model.activation: relu
wandb: 	model.batch_norm: False
wandb: 	model.dropout: 0.5
wandb: 	model.hidden_layers: [256, 128, 64]
wandb: 	training.batch_size: 64
wandb: 	training.early_stopping.counter: 0
wandb: 	training.early_stopping.patience: 5
wandb: 	training.epochs: 40
wandb: 	training.learning_rate: 0.09302943899973612
wandb: 	training.optimizer: adam
wandb: WARNING Ignoring project 'bioresponse-mlp' when running a sweep.
wandb: WARNING Ignoring entity 'xmajercik-fiit-stu' when running a sweep.
wandb: Tracking run with wandb version 0.22.3
wandb: Run data is saved locally in /Users/tomasmajercik/School/5_semester/ZNEUS/project1/wandb/run-20251109_160741-dtnbdcec
wandb: Run `wandb offline` to turn off syncing.
wandb: Syncing run warm-sweep-92
wandb: ⭐️ View project at https://wandb.ai/xmajercik-fiit-stu/bioresponse-mlp
wandb: 🧹 View sweep at https://wandb.ai/xmajercik-fiit-stu/bioresponse-mlp/sweeps/1cfqgjo7
wandb: 🚀 View run at https://wandb.ai/xmajercik-fiit-stu/bioresponse-mlp/runs/dtnbdcec
wandb: updating run metadata; uploading artifact run-dtnbdcec-final_conf_mat_table
wandb: uploading artifact run-dtnbdcec-final_conf_mat_table; uploading output.log; uploading wandb-summary.json; uploading config.yaml
wandb: uploading artifact run-dtnbdcec-final_conf_mat_table
wandb: 
wandb: Run history:
wandb:        epoch ▁▂▄▅▇█
wandb:   train_loss ▁███▇█
wandb: val_accuracy ▁▁▁▁▁▁
wandb:       val_f1 ▁▁▁▁▁▁
wandb:     val_loss ▁▁▁▁▁▁
wandb: 
wandb: Run summary:
wandb:        epoch 6
wandb:   train_loss 45.76368
wandb: val_accuracy 0.54133
wandb:       val_f1 0.70242
wandb:     val_loss 45.81439
wandb: 
wandb: 🚀 View run run_lr0.0930_bs64_optadam at: https://wandb.ai/xmajercik-fiit-stu/bioresponse-mlp/runs/dtnbdcec
wandb: ⭐️ View project at: https://wandb.ai/xmajercik-fiit-stu/bioresponse-mlp
wandb: Synced 5 W&B file(s), 1 media file(s), 2 artifact file(s) and 0 other file(s)
wandb: Find logs at: ./wandb/run-20251109_160741-dtnbdcec/logs
wandb: Agent Starting Run: a856eay6 with config:
wandb: 	model.activation: relu
wandb: 	model.batch_norm: False
wandb: 	model.dropout: 0.2
wandb: 	model.hidden_layers: [512, 256, 128, 64]
wandb: 	training.batch_size: 256
wandb: 	training.early_stopping.counter: 0
wandb: 	training.early_stopping.patience: 5
wandb: 	training.epochs: 40
wandb: 	training.learning_rate: 0.005411188620406612
wandb: 	training.optimizer: adamw
wandb: WARNING Ignoring project 'bioresponse-mlp' when running a sweep.
wandb: WARNING Ignoring entity 'xmajercik-fiit-stu' when running a sweep.
wandb: Tracking run with wandb version 0.22.3
wandb: Run data is saved locally in /Users/tomasmajercik/School/5_semester/ZNEUS/project1/wandb/run-20251109_160746-a856eay6
wandb: Run `wandb offline` to turn off syncing.
wandb: Syncing run toasty-sweep-93
wandb: ⭐️ View project at https://wandb.ai/xmajercik-fiit-stu/bioresponse-mlp
wandb: 🧹 View sweep at https://wandb.ai/xmajercik-fiit-stu/bioresponse-mlp/sweeps/1cfqgjo7
wandb: 🚀 View run at https://wandb.ai/xmajercik-fiit-stu/bioresponse-mlp/runs/a856eay6
wandb: updating run metadata; uploading artifact run-a856eay6-final_conf_mat_table; uploading wandb-metadata.json
wandb: uploading artifact run-a856eay6-final_conf_mat_table; uploading output.log; uploading wandb-summary.json; uploading config.yaml
wandb: uploading artifact run-a856eay6-final_conf_mat_table
wandb: uploading history steps 0-17, summary, console lines 0-4
wandb: 
wandb: Run history:
wandb:        epoch ▁▁▂▂▃▃▄▄▅▅▅▆▆▇▇██
wandb:   train_loss █▁▁▁▁▁▁▁▁▁▁▁▁▁▁▁▁
wandb: val_accuracy ▁████████████████
wandb:       val_f1 ▁████████████████
wandb:     val_loss █▁▁▁▁▁▁▁▁▁▁▁▁▁▁▁▁
wandb: 
wandb: Run summary:
wandb:        epoch 17
wandb:   train_loss 0.68986
wandb: val_accuracy 0.54133
wandb:       val_f1 0.70242
wandb:     val_loss 0.68753
wandb: 
wandb: 🚀 View run run_lr0.0054_bs256_optadamw at: https://wandb.ai/xmajercik-fiit-stu/bioresponse-mlp/runs/a856eay6
wandb: ⭐️ View project at: https://wandb.ai/xmajercik-fiit-stu/bioresponse-mlp
wandb: Synced 5 W&B file(s), 1 media file(s), 2 artifact file(s) and 0 other file(s)
wandb: Find logs at: ./wandb/run-20251109_160746-a856eay6/logs
wandb: Agent Starting Run: tsa0j9rw with config:
wandb: 	model.activation: relu
wandb: 	model.batch_norm: False
wandb: 	model.dropout: 0.2
wandb: 	model.hidden_layers: [128, 64, 32]
wandb: 	training.batch_size: 128
wandb: 	training.early_stopping.counter: 0
wandb: 	training.early_stopping.patience: 8
wandb: 	training.epochs: 40
wandb: 	training.learning_rate: 0.0015156305274878531
wandb: 	training.optimizer: sgd
wandb: WARNING Ignoring project 'bioresponse-mlp' when running a sweep.
wandb: WARNING Ignoring entity 'xmajercik-fiit-stu' when running a sweep.
wandb: Tracking run with wandb version 0.22.3
wandb: Run data is saved locally in /Users/tomasmajercik/School/5_semester/ZNEUS/project1/wandb/run-20251109_160752-tsa0j9rw
wandb: Run `wandb offline` to turn off syncing.
wandb: Syncing run glowing-sweep-94
wandb: ⭐️ View project at https://wandb.ai/xmajercik-fiit-stu/bioresponse-mlp
wandb: 🧹 View sweep at https://wandb.ai/xmajercik-fiit-stu/bioresponse-mlp/sweeps/1cfqgjo7
wandb: 🚀 View run at https://wandb.ai/xmajercik-fiit-stu/bioresponse-mlp/runs/tsa0j9rw

Epoch 20/40 - Train Loss: 0.6051 - Val Loss: 0.6265 - Val Acc: 0.6533
Epoch 30/40 - Train Loss: 0.5769 - Val Loss: 0.6067 - Val Acc: 0.6640
Early stopping triggered (overfitting detected).
🧹 Sweep run completed. ✅
Starting W&B run: run_lr0.0002_bs64_optadam
Epoch 1/40 - Train Loss: 0.6962 - Val Loss: 0.6767 - Val Acc: 0.6080
Epoch 10/40 - Train Loss: 0.6252 - Val Loss: 0.6489 - Val Acc: 0.6213
Early stopping triggered (overfitting detected).
🧹 Sweep run completed. ✅
Starting W&B run: run_lr0.0034_bs64_optadam
Epoch 1/40 - Train Loss: 0.7327 - Val Loss: 0.6924 - Val Acc: 0.5413
Epoch 10/40 - Train Loss: 0.7056 - Val Loss: 0.6895 - Val Acc: 0.5413
Early stopping triggered (overfitting detected).
🧹 Sweep run completed. ✅
Starting W&B run: run_lr0.0009_bs128_optadamw
Epoch 1/40 - Train Loss: 0.6991 - Val Loss: 0.6978 - Val Acc: 0.4613
Early stopping triggered (overfitting detected).
🧹 Sweep run completed. ✅
Starting W&B run: run_lr0.0024_bs256_optrmsprop
Epoch 1/40 - Train Loss: 0.7505 - Val Loss: 0.6923 - Val Acc: 0.4960
Early stopping triggered (overfitting detected).
🧹 Sweep run completed. ✅
Starting W&B run: run_lr0.0016_bs64_optadamw
Epoch 1/40 - Train Loss: 0.7111 - Val Loss: 0.6989 - Val Acc: 0.4587
Epoch 10/40 - Train Loss: 0.6900 - Val Loss: 0.6931 - Val Acc: 0.5413
Early stopping triggered (overfitting detected).
🧹 Sweep run completed. ✅
Starting W&B run: run_lr0.0579_bs64_optrmsprop
Epoch 1/40 - Train Loss: 51.7665 - Val Loss: 54.1856 - Val Acc: 0.4587
Early stopping triggered (overfitting detected).
🧹 Sweep run completed. ✅
Starting W&B run: run_lr0.0005_bs256_optadamw
Epoch 1/40 - Train Loss: 0.7097 - Val Loss: 0.6887 - Val Acc: 0.5093
Epoch 10/40 - Train Loss: 0.6395 - Val Loss: 0.6716 - Val Acc: 0.6080
Epoch 20/40 - Train Loss: 0.6037 - Val Loss: 0.5977 - Val Acc: 0.7333
Early stopping triggered (overfitting detected).
🧹 Sweep run completed. ✅
Starting W&B run: run_lr0.0037_bs128_optadam
Epoch 1/40 - Train Loss: 0.7221 - Val Loss: 0.7752 - Val Acc: 0.5120
Epoch 10/40 - Train Loss: 0.6957 - Val Loss: 0.6883 - Val Acc: 0.5253
Epoch 20/40 - Train Loss: 0.6936 - Val Loss: 0.6876 - Val Acc: 0.5493
Early stopping triggered (overfitting detected).
🧹 Sweep run completed. ✅
Starting W&B run: run_lr0.0002_bs128_optadam
Epoch 1/40 - Train Loss: 0.6934 - Val Loss: 0.6902 - Val Acc: 0.5413
Epoch 10/40 - Train Loss: 0.6925 - Val Loss: 0.6897 - Val Acc: 0.5413
Early stopping triggered (overfitting detected).
🧹 Sweep run completed. ✅
Starting W&B run: run_lr0.0027_bs256_optrmsprop
Epoch 1/40 - Train Loss: 43.3204 - Val Loss: 44.8366 - Val Acc: 0.5413
Early stopping triggered (overfitting detected).
🧹 Sweep run completed. ✅
Starting W&B run: run_lr0.0004_bs64_optadamw
Epoch 1/40 - Train Loss: 0.7101 - Val Loss: 0.6939 - Val Acc: 0.4987
Epoch 10/40 - Train Loss: 0.6907 - Val Loss: 0.6836 - Val Acc: 0.5493
Epoch 20/40 - Train Loss: 0.6865 - Val Loss: 0.6678 - Val Acc: 0.6000
Epoch 30/40 - Train Loss: 0.6310 - Val Loss: 0.6330 - Val Acc: 0.5947
Early stopping triggered (overfitting detected).
🧹 Sweep run completed. ✅
Starting W&B run: run_lr0.0011_bs128_optadam
Epoch 1/40 - Train Loss: 0.7113 - Val Loss: 0.6984 - Val Acc: 0.5413
Epoch 10/40 - Train Loss: 0.6900 - Val Loss: 0.6878 - Val Acc: 0.5413
Epoch 20/40 - Train Loss: 0.6258 - Val Loss: 0.6878 - Val Acc: 0.6160
Epoch 30/40 - Train Loss: 0.5909 - Val Loss: 0.7909 - Val Acc: 0.5227
Epoch 40/40 - Train Loss: 0.5936 - Val Loss: 0.5835 - Val Acc: 0.7227
🧹 Sweep run completed. ✅
Starting W&B run: run_lr0.0007_bs64_optsgd
Epoch 1/40 - Train Loss: 3.8430 - Val Loss: 0.6943 - Val Acc: 0.5227
Epoch 10/40 - Train Loss: 0.7169 - Val Loss: 0.6918 - Val Acc: 0.5227
Epoch 20/40 - Train Loss: 0.6999 - Val Loss: 0.6958 - Val Acc: 0.5360
Early stopping triggered (overfitting detected).
🧹 Sweep run completed. ✅
Starting W&B run: run_lr0.0008_bs128_optsgd
Epoch 1/40 - Train Loss: 0.7276 - Val Loss: 0.7000 - Val Acc: 0.4880
Epoch 10/40 - Train Loss: 0.7190 - Val Loss: 0.6954 - Val Acc: 0.5067
Epoch 20/40 - Train Loss: 0.7118 - Val Loss: 0.6933 - Val Acc: 0.5013
Early stopping triggered (overfitting detected).
🧹 Sweep run completed. ✅
Starting W&B run: run_lr0.0004_bs64_optsgd
Epoch 1/40 - Train Loss: 0.7073 - Val Loss: 0.7048 - Val Acc: 0.5147
Epoch 10/40 - Train Loss: 0.6988 - Val Loss: 0.6926 - Val Acc: 0.5147
Early stopping triggered (overfitting detected).
🧹 Sweep run completed. ✅
Starting W&B run: run_lr0.0074_bs256_optadam
Epoch 1/40 - Train Loss: 0.9320 - Val Loss: 0.7572 - Val Acc: 0.4587
Epoch 10/40 - Train Loss: 0.6931 - Val Loss: 0.6994 - Val Acc: 0.4587
Epoch 20/40 - Train Loss: 0.6963 - Val Loss: 0.6879 - Val Acc: 0.5413
Early stopping triggered (overfitting detected).
🧹 Sweep run completed. ✅
Starting W&B run: run_lr0.0029_bs256_optsgd
Epoch 1/40 - Train Loss: 0.6952 - Val Loss: 0.6914 - Val Acc: 0.5413
Epoch 10/40 - Train Loss: 0.6921 - Val Loss: 0.6877 - Val Acc: 0.5413
Early stopping triggered (overfitting detected).
🧹 Sweep run completed. ✅
Starting W&B run: run_lr0.0255_bs128_optadamw
Epoch 1/40 - Train Loss: 32.1216 - Val Loss: 19.8211 - Val Acc: 0.5360
Epoch 10/40 - Train Loss: 0.6909 - Val Loss: 0.6896 - Val Acc: 0.5413
Early stopping triggered (overfitting detected).
🧹 Sweep run completed. ✅
Starting W&B run: run_lr0.0008_bs256_optadam
Epoch 1/40 - Train Loss: 0.7002 - Val Loss: 0.6887 - Val Acc: 0.5413
Early stopping triggered (overfitting detected).
🧹 Sweep run completed. ✅
Starting W&B run: run_lr0.0570_bs64_optadam
Epoch 1/40 - Train Loss: 0.7131 - Val Loss: 0.6907 - Val Acc: 0.5413
Epoch 10/40 - Train Loss: 0.6899 - Val Loss: 0.6902 - Val Acc: 0.5413
Early stopping triggered (overfitting detected).
🧹 Sweep run completed. ✅
Starting W&B run: run_lr0.0529_bs128_optsgd
Epoch 1/40 - Train Loss: 0.7027 - Val Loss: 0.6993 - Val Acc: 0.5120
Epoch 10/40 - Train Loss: 0.6951 - Val Loss: 0.7004 - Val Acc: 0.5280
Early stopping triggered (overfitting detected).
🧹 Sweep run completed. ✅
Starting W&B run: run_lr0.0019_bs128_optadamw
Epoch 1/40 - Train Loss: 43.1512 - Val Loss: 45.7770 - Val Acc: 0.5413
Early stopping triggered (overfitting detected).
🧹 Sweep run completed. ✅
Starting W&B run: run_lr0.0114_bs128_optsgd
Epoch 1/40 - Train Loss: 0.7055 - Val Loss: 0.6912 - Val Acc: 0.5387
Epoch 10/40 - Train Loss: 0.7019 - Val Loss: 0.6910 - Val Acc: 0.5413
Early stopping triggered (overfitting detected).
🧹 Sweep run completed. ✅
Starting W&B run: run_lr0.0002_bs64_optadam
Epoch 1/40 - Train Loss: 15.7764 - Val Loss: 2.0049 - Val Acc: 0.5413
Early stopping triggered (overfitting detected).
🧹 Sweep run completed. ✅
Starting W&B run: run_lr0.0597_bs128_optrmsprop
Epoch 1/40 - Train Loss: 42.2186 - Val Loss: 45.7764 - Val Acc: 0.5413
Early stopping triggered (overfitting detected).
🧹 Sweep run completed. ✅
Starting W&B run: run_lr0.0040_bs64_optadam
Epoch 1/40 - Train Loss: 0.6976 - Val Loss: 0.7112 - Val Acc: 0.5413
Epoch 10/40 - Train Loss: 0.6892 - Val Loss: 0.6878 - Val Acc: 0.5413
Early stopping triggered (overfitting detected).
🧹 Sweep run completed. ✅
Starting W&B run: run_lr0.0006_bs64_optadamw
Epoch 1/40 - Train Loss: 0.6991 - Val Loss: 0.6896 - Val Acc: 0.5413
Early stopping triggered (overfitting detected).
🧹 Sweep run completed. ✅
Starting W&B run: run_lr0.0019_bs128_optsgd
Epoch 1/40 - Train Loss: 1.3863 - Val Loss: 0.6937 - Val Acc: 0.4960
Epoch 10/40 - Train Loss: 0.7127 - Val Loss: 0.6906 - Val Acc: 0.5413
Early stopping triggered (overfitting detected).
🧹 Sweep run completed. ✅
Starting W&B run: run_lr0.0930_bs64_optadam
Epoch 1/40 - Train Loss: 45.2743 - Val Loss: 45.8144 - Val Acc: 0.5413
Early stopping triggered (overfitting detected).
🧹 Sweep run completed. ✅
Starting W&B run: run_lr0.0054_bs256_optadamw
Epoch 1/40 - Train Loss: 16.2088 - Val Loss: 0.9925 - Val Acc: 0.4613
Epoch 10/40 - Train Loss: 0.6897 - Val Loss: 0.6880 - Val Acc: 0.5413
Early stopping triggered (overfitting detected).
🧹 Sweep run completed. ✅
Starting W&B run: run_lr0.0015_bs128_optsgd
Epoch 1/40 - Train Loss: 1.9906 - Val Loss: 0.7010 - Val Acc: 0.5280
Epoch 10/40 - Train Loss: 0.7094 - Val Loss: 0.6929 - Val Acc: 0.5067wandb: updating run metadata; uploading artifact run-tsa0j9rw-final_conf_mat_table
wandb: uploading artifact run-tsa0j9rw-final_conf_mat_table; uploading output.log; uploading wandb-summary.json; uploading config.yaml
wandb: uploading artifact run-tsa0j9rw-final_conf_mat_table
wandb: uploading history steps 0-10, summary, console lines 0-4
wandb: 
wandb: Run history:
wandb:        epoch ▁▂▃▃▄▅▆▆▇█
wandb:   train_loss █▂▁▁▁▁▁▁▁▁
wandb: val_accuracy █▇▇▄▆▁▄▇▅▄
wandb:       val_f1 █▇█▄▇▁▆▇▆▆
wandb:     val_loss █▁▂▂▁▂▁▁▁▁
wandb: 
wandb: Run summary:
wandb:        epoch 10
wandb:   train_loss 0.70942
wandb: val_accuracy 0.50667
wandb:       val_f1 0.62777
wandb:     val_loss 0.6929
wandb: 
wandb: 🚀 View run run_lr0.0015_bs128_optsgd at: https://wandb.ai/xmajercik-fiit-stu/bioresponse-mlp/runs/tsa0j9rw
wandb: ⭐️ View project at: https://wandb.ai/xmajercik-fiit-stu/bioresponse-mlp
wandb: Synced 5 W&B file(s), 1 media file(s), 2 artifact file(s) and 0 other file(s)
wandb: Find logs at: ./wandb/run-20251109_160752-tsa0j9rw/logs
wandb: Agent Starting Run: ziwkr41i with config:
wandb: 	model.activation: relu
wandb: 	model.batch_norm: True
wandb: 	model.dropout: 0.5
wandb: 	model.hidden_layers: [256, 128, 64]
wandb: 	training.batch_size: 64
wandb: 	training.early_stopping.counter: 0
wandb: 	training.early_stopping.patience: 5
wandb: 	training.epochs: 40
wandb: 	training.learning_rate: 0.0003252914902420147
wandb: 	training.optimizer: sgd
wandb: WARNING Ignoring project 'bioresponse-mlp' when running a sweep.
wandb: WARNING Ignoring entity 'xmajercik-fiit-stu' when running a sweep.
wandb: setting up run ziwkr41i
wandb: Tracking run with wandb version 0.22.3
wandb: Run data is saved locally in /Users/tomasmajercik/School/5_semester/ZNEUS/project1/wandb/run-20251109_160757-ziwkr41i
wandb: Run `wandb offline` to turn off syncing.
wandb: Syncing run northern-sweep-95
wandb: ⭐️ View project at https://wandb.ai/xmajercik-fiit-stu/bioresponse-mlp
wandb: 🧹 View sweep at https://wandb.ai/xmajercik-fiit-stu/bioresponse-mlp/sweeps/1cfqgjo7
wandb: 🚀 View run at https://wandb.ai/xmajercik-fiit-stu/bioresponse-mlp/runs/ziwkr41i
wandb: updating run metadata; uploading artifact run-ziwkr41i-final_conf_mat_table
wandb: uploading artifact run-ziwkr41i-final_conf_mat_table; uploading output.log; uploading wandb-summary.json; uploading config.yaml
wandb: uploading artifact run-ziwkr41i-final_conf_mat_table
wandb: uploading history steps 0-40, summary, console lines 0-6
wandb: 
wandb: Run history:
wandb:        epoch ▁▁▁▂▂▂▂▂▂▃▃▃▃▃▄▄▄▄▄▄▅▅▅▅▅▅▆▆▆▆▆▇▇▇▇▇▇███
wandb:   train_loss ▆███▆▇▆▇▇▅▄▅▄▅▅▃▄▇▄▄▃▃▅▃▃▃▃▄▄▃▃▃▂▂▂▃▄▃▁▂
wandb: val_accuracy ▁▁▁▁▁▁▁▁▁▁▁▁▁▁▃▂▄▃▄▃▃▃▂▂▃▂▂▂▄▆▆▄▇▅██▆██▇
wandb:       val_f1 ▁▁▁▁▁▁▁▁▁▁▁▁▁▁▂▂▃▂▃▃▃▃▃▃▄▅▃▄▄▆▇▅▇███████
wandb:     val_loss █▇███▇▅▆▆▅▄▅▅▅▄▄▄▄▃▃▃▃▃▃▃▂▃▂▂▂▂▂▂▂▁▁▁▁▁▁
wandb: 
wandb: Run summary:
wandb:        epoch 40
wandb:   train_loss 0.71841
wandb: val_accuracy 0.52
wandb:       val_f1 0.59091
wandb:     val_loss 0.69319
wandb: 
wandb: 🚀 View run run_lr0.0003_bs64_optsgd at: https://wandb.ai/xmajercik-fiit-stu/bioresponse-mlp/runs/ziwkr41i
wandb: ⭐️ View project at: https://wandb.ai/xmajercik-fiit-stu/bioresponse-mlp
wandb: Synced 5 W&B file(s), 1 media file(s), 2 artifact file(s) and 0 other file(s)
wandb: Find logs at: ./wandb/run-20251109_160757-ziwkr41i/logs
wandb: Agent Starting Run: a6f331v9 with config:
wandb: 	model.activation: tanh
wandb: 	model.batch_norm: True
wandb: 	model.dropout: 0.3
wandb: 	model.hidden_layers: [256, 128, 64]
wandb: 	training.batch_size: 64
wandb: 	training.early_stopping.counter: 0
wandb: 	training.early_stopping.patience: 5
wandb: 	training.epochs: 40
wandb: 	training.learning_rate: 0.005382973770641427
wandb: 	training.optimizer: adamw
wandb: WARNING Ignoring project 'bioresponse-mlp' when running a sweep.
wandb: WARNING Ignoring entity 'xmajercik-fiit-stu' when running a sweep.
wandb: Tracking run with wandb version 0.22.3
wandb: Run data is saved locally in /Users/tomasmajercik/School/5_semester/ZNEUS/project1/wandb/run-20251109_160808-a6f331v9
wandb: Run `wandb offline` to turn off syncing.
wandb: Syncing run swift-sweep-96
wandb: ⭐️ View project at https://wandb.ai/xmajercik-fiit-stu/bioresponse-mlp
wandb: 🧹 View sweep at https://wandb.ai/xmajercik-fiit-stu/bioresponse-mlp/sweeps/1cfqgjo7
wandb: 🚀 View run at https://wandb.ai/xmajercik-fiit-stu/bioresponse-mlp/runs/a6f331v9
wandb: updating run metadata; uploading artifact run-a6f331v9-final_conf_mat_table
wandb: uploading artifact run-a6f331v9-final_conf_mat_table; uploading media/table/final_conf_mat_table_23_05eeaf5b833f94ca0785.table.json; uploading wandb-summary.json; uploading config.yaml
wandb: uploading artifact run-a6f331v9-final_conf_mat_table; uploading wandb-summary.json
wandb: 
wandb: Run history:
wandb:        epoch ▁▁▂▂▂▃▃▃▄▄▄▅▅▅▅▆▆▆▇▇▇██
wandb:   train_loss █▇▇▆▆▆▆▆▅▅▄▅▄▅▅▃▄▃▂▁▂▂▁
wandb: val_accuracy ▁▂▂▂▂▂▁▂▅▄▃▂▅▂▅▅▃█▂▃▆▅▃
wandb:       val_f1 ▅▇▇▇▇▅▃▂▇▇▆▇▇▇▇▇▅█▁▃█▅▅
wandb:     val_loss ▆▅▆▅▅▆▅▆▄▄▅▃▂▃▃▂▃▁█▇▂▂▂
wandb: 
wandb: Run summary:
wandb:        epoch 23
wandb:   train_loss 0.64151
wandb: val_accuracy 0.55733
wandb:       val_f1 0.62946
wandb:     val_loss 0.66102
wandb: 
wandb: 🚀 View run run_lr0.0054_bs64_optadamw at: https://wandb.ai/xmajercik-fiit-stu/bioresponse-mlp/runs/a6f331v9
wandb: ⭐️ View project at: https://wandb.ai/xmajercik-fiit-stu/bioresponse-mlp
wandb: Synced 5 W&B file(s), 1 media file(s), 2 artifact file(s) and 0 other file(s)
wandb: Find logs at: ./wandb/run-20251109_160808-a6f331v9/logs
wandb: Agent Starting Run: ehhk57dh with config:
wandb: 	model.activation: relu
wandb: 	model.batch_norm: False
wandb: 	model.dropout: 0.5
wandb: 	model.hidden_layers: [512]
wandb: 	training.batch_size: 256
wandb: 	training.early_stopping.counter: 0
wandb: 	training.early_stopping.patience: 8
wandb: 	training.epochs: 40
wandb: 	training.learning_rate: 0.002918362266179013
wandb: 	training.optimizer: sgd
wandb: WARNING Ignoring project 'bioresponse-mlp' when running a sweep.
wandb: WARNING Ignoring entity 'xmajercik-fiit-stu' when running a sweep.
wandb: Tracking run with wandb version 0.22.3
wandb: Run data is saved locally in /Users/tomasmajercik/School/5_semester/ZNEUS/project1/wandb/run-20251109_160818-ehhk57dh
wandb: Run `wandb offline` to turn off syncing.
wandb: Syncing run golden-sweep-97
wandb: ⭐️ View project at https://wandb.ai/xmajercik-fiit-stu/bioresponse-mlp
wandb: 🧹 View sweep at https://wandb.ai/xmajercik-fiit-stu/bioresponse-mlp/sweeps/1cfqgjo7
wandb: 🚀 View run at https://wandb.ai/xmajercik-fiit-stu/bioresponse-mlp/runs/ehhk57dh
wandb: updating run metadata; uploading artifact run-ehhk57dh-final_conf_mat_table
wandb: uploading artifact run-ehhk57dh-final_conf_mat_table; uploading config.yaml
wandb: uploading artifact run-ehhk57dh-final_conf_mat_table
wandb: uploading history steps 0-10, summary, console lines 0-4
wandb: 
wandb: Run history:
wandb:        epoch ▁▂▃▃▄▅▆▆▇█
wandb:   train_loss ▂▅▄▃██▇▇▅▁
wandb: val_accuracy ▁▁▁▁▁▁▁▁▁▁
wandb:       val_f1 ▁▁▁▁▁▁▁▁▁▁
wandb:     val_loss █▁████████
wandb: 
wandb: Run summary:
wandb:        epoch 10
wandb:   train_loss 42.82346
wandb: val_accuracy 0.54133
wandb:       val_f1 0.70242
wandb:     val_loss 44.83662
wandb: 
wandb: 🚀 View run run_lr0.0029_bs256_optsgd at: https://wandb.ai/xmajercik-fiit-stu/bioresponse-mlp/runs/ehhk57dh
wandb: ⭐️ View project at: https://wandb.ai/xmajercik-fiit-stu/bioresponse-mlp
wandb: Synced 5 W&B file(s), 1 media file(s), 2 artifact file(s) and 0 other file(s)
wandb: Find logs at: ./wandb/run-20251109_160818-ehhk57dh/logs
wandb: Agent Starting Run: bdozep8x with config:
wandb: 	model.activation: relu
wandb: 	model.batch_norm: False
wandb: 	model.dropout: 0.5
wandb: 	model.hidden_layers: [64, 128, 256]
wandb: 	training.batch_size: 256
wandb: 	training.early_stopping.counter: 0
wandb: 	training.early_stopping.patience: 5
wandb: 	training.epochs: 40
wandb: 	training.learning_rate: 0.0001428353547601975
wandb: 	training.optimizer: adam
wandb: WARNING Ignoring project 'bioresponse-mlp' when running a sweep.
wandb: WARNING Ignoring entity 'xmajercik-fiit-stu' when running a sweep.
wandb: Tracking run with wandb version 0.22.3
wandb: Run data is saved locally in /Users/tomasmajercik/School/5_semester/ZNEUS/project1/wandb/run-20251109_160823-bdozep8x
wandb: Run `wandb offline` to turn off syncing.
wandb: Syncing run clear-sweep-98
wandb: ⭐️ View project at https://wandb.ai/xmajercik-fiit-stu/bioresponse-mlp
wandb: 🧹 View sweep at https://wandb.ai/xmajercik-fiit-stu/bioresponse-mlp/sweeps/1cfqgjo7
wandb: 🚀 View run at https://wandb.ai/xmajercik-fiit-stu/bioresponse-mlp/runs/bdozep8x
wandb: updating run metadata; uploading artifact run-bdozep8x-final_conf_mat_table
wandb: uploading artifact run-bdozep8x-final_conf_mat_table; uploading media/table/final_conf_mat_table_21_199d54f9f4a8d785b3e9.table.json; uploading output.log; uploading wandb-summary.json; uploading config.yaml
wandb: uploading artifact run-bdozep8x-final_conf_mat_table
wandb: uploading history steps 1-21, summary, console lines 0-5
wandb: 
wandb: Run history:
wandb:        epoch ▁▁▂▂▂▃▃▃▄▄▅▅▅▆▆▆▇▇▇██
wandb:   train_loss █▇▆▆▆▆▅▅▅▄▄▄▄▃▃▂▂▂▁▁▁
wandb: val_accuracy ███████████████▆▆▁▁▁▁
wandb:       val_f1 █████████████████▁▁▁▁
wandb:     val_loss █▂▂▂▂▁▁▂▂▁▁▁▁▁▁▁▁▁▁▁▁
wandb: 
wandb: Run summary:
wandb:        epoch 21
wandb:   train_loss 9.17367
wandb: val_accuracy 0.45867
wandb:       val_f1 0
wandb:     val_loss 0.78753
wandb: 
wandb: 🚀 View run run_lr0.0001_bs256_optadam at: https://wandb.ai/xmajercik-fiit-stu/bioresponse-mlp/runs/bdozep8x
wandb: ⭐️ View project at: https://wandb.ai/xmajercik-fiit-stu/bioresponse-mlp
wandb: Synced 5 W&B file(s), 1 media file(s), 2 artifact file(s) and 0 other file(s)
wandb: Find logs at: ./wandb/run-20251109_160823-bdozep8x/logs
wandb: Agent Starting Run: 8xjuw82w with config:
wandb: 	model.activation: tanh
wandb: 	model.batch_norm: True
wandb: 	model.dropout: 0.2
wandb: 	model.hidden_layers: [256, 128, 64]
wandb: 	training.batch_size: 64
wandb: 	training.early_stopping.counter: 0
wandb: 	training.early_stopping.patience: 5
wandb: 	training.epochs: 40
wandb: 	training.learning_rate: 0.001071373038835095
wandb: 	training.optimizer: adamw
wandb: WARNING Ignoring project 'bioresponse-mlp' when running a sweep.
wandb: WARNING Ignoring entity 'xmajercik-fiit-stu' when running a sweep.
wandb: Tracking run with wandb version 0.22.3
wandb: Run data is saved locally in /Users/tomasmajercik/School/5_semester/ZNEUS/project1/wandb/run-20251109_160829-8xjuw82w
wandb: Run `wandb offline` to turn off syncing.
wandb: Syncing run glowing-sweep-99
wandb: ⭐️ View project at https://wandb.ai/xmajercik-fiit-stu/bioresponse-mlp
wandb: 🧹 View sweep at https://wandb.ai/xmajercik-fiit-stu/bioresponse-mlp/sweeps/1cfqgjo7
wandb: 🚀 View run at https://wandb.ai/xmajercik-fiit-stu/bioresponse-mlp/runs/8xjuw82w
wandb: updating run metadata; uploading artifact run-8xjuw82w-final_conf_mat_table
wandb: uploading artifact run-8xjuw82w-final_conf_mat_table; uploading media/table/final_conf_mat_table_17_525e10199298c83b52d0.table.json; uploading output.log; uploading wandb-summary.json; uploading config.yaml
wandb: uploading artifact run-8xjuw82w-final_conf_mat_table
wandb: uploading history steps 0-17, summary, console lines 0-4
wandb: 
wandb: Run history:
wandb:        epoch ▁▁▂▂▃▃▄▄▅▅▅▆▆▇▇██
wandb:   train_loss █▆▅▄▄▅▄▃▄▄▃▂▂▂▂▁▁
wandb: val_accuracy ▂▁▁▂▂▃█▄▃▃▂█▄▄▃▄▆
wandb:       val_f1 ▁▂▃▄▃▇█▇▇▇▄█▂▄▅█▆
wandb:     val_loss ▅▇▆▅▆▄▃▅▃▆█▁▄▆▃▃▃
wandb: 
wandb: Run summary:
wandb:        epoch 17
wandb:   train_loss 0.63332
wandb: val_accuracy 0.65867
wandb:       val_f1 0.64835
wandb:     val_loss 0.66311
wandb: 
wandb: 🚀 View run run_lr0.0011_bs64_optadamw at: https://wandb.ai/xmajercik-fiit-stu/bioresponse-mlp/runs/8xjuw82w
wandb: ⭐️ View project at: https://wandb.ai/xmajercik-fiit-stu/bioresponse-mlp
wandb: Synced 5 W&B file(s), 1 media file(s), 2 artifact file(s) and 0 other file(s)
wandb: Find logs at: ./wandb/run-20251109_160829-8xjuw82w/logs
wandb: Agent Starting Run: rr6tj3oj with config:
wandb: 	model.activation: tanh
wandb: 	model.batch_norm: True
wandb: 	model.dropout: 0.2
wandb: 	model.hidden_layers: [512]
wandb: 	training.batch_size: 256
wandb: 	training.early_stopping.counter: 0
wandb: 	training.early_stopping.patience: 8
wandb: 	training.epochs: 40
wandb: 	training.learning_rate: 0.011594510016134483
wandb: 	training.optimizer: sgd
wandb: WARNING Ignoring project 'bioresponse-mlp' when running a sweep.
wandb: WARNING Ignoring entity 'xmajercik-fiit-stu' when running a sweep.
wandb: setting up run rr6tj3oj
wandb: Tracking run with wandb version 0.22.3
wandb: Run data is saved locally in /Users/tomasmajercik/School/5_semester/ZNEUS/project1/wandb/run-20251109_160839-rr6tj3oj
wandb: Run `wandb offline` to turn off syncing.
wandb: Syncing run spring-sweep-100
wandb: ⭐️ View project at https://wandb.ai/xmajercik-fiit-stu/bioresponse-mlp
wandb: 🧹 View sweep at https://wandb.ai/xmajercik-fiit-stu/bioresponse-mlp/sweeps/1cfqgjo7
wandb: 🚀 View run at https://wandb.ai/xmajercik-fiit-stu/bioresponse-mlp/runs/rr6tj3oj
wandb: updating run metadata; uploading artifact run-rr6tj3oj-final_conf_mat_table
wandb: uploading artifact run-rr6tj3oj-final_conf_mat_table; uploading output.log; uploading wandb-summary.json; uploading config.yaml
wandb: uploading artifact run-rr6tj3oj-final_conf_mat_table
wandb: 
wandb: Run history:
wandb:        epoch ▁▁▁▂▂▂▂▂▂▃▃▃▃▃▄▄▄▄▄▄▅▅▅▅▅▅▆▆▆▆▆▇▇▇▇▇▇███
wandb:   train_loss ▆▇█▇▆▅▅█▃▇▆▄▅▃▁▆▄▅▅▆▇▂▃▃▄▄▂▂▃▃▅▄▁▂▂▃▃▅▂▅
wandb: val_accuracy ▂▃▁▅▂█▇▇▄▃█▄▃▄▄██▅▇█▇▇▆██▅█████▄██▇▄▁▇██
wandb:       val_f1 ▄▁▂▄▂█▅▆▃▃█▆▂▃▃██▆▅█▅█▄██▅█████▆██▄▇▅▅██
wandb:     val_loss ▅█▆▅▅▄▄▄▄▅▃▃▇▅▅▄▃▃▄▂▄▂▃▁▁▂▁▁▁▂▁▂▁▁▅▃▄▅▁▁
wandb: 
wandb: Run summary:
wandb:        epoch 40
wandb:   train_loss 0.69623
wandb: val_accuracy 0.54133
wandb:       val_f1 0.70242
wandb:     val_loss 0.68849
wandb: 
wandb: 🚀 View run run_lr0.0116_bs256_optsgd at: https://wandb.ai/xmajercik-fiit-stu/bioresponse-mlp/runs/rr6tj3oj
wandb: ⭐️ View project at: https://wandb.ai/xmajercik-fiit-stu/bioresponse-mlp
wandb: Synced 5 W&B file(s), 1 media file(s), 2 artifact file(s) and 0 other file(s)
wandb: Find logs at: ./wandb/run-20251109_160839-rr6tj3oj/logs

Early stopping triggered (overfitting detected).
🧹 Sweep run completed. ✅
Starting W&B run: run_lr0.0003_bs64_optsgd
Epoch 1/40 - Train Loss: 0.7434 - Val Loss: 0.7044 - Val Acc: 0.4587
Epoch 10/40 - Train Loss: 0.7374 - Val Loss: 0.6990 - Val Acc: 0.4587
Epoch 20/40 - Train Loss: 0.7281 - Val Loss: 0.6953 - Val Acc: 0.4800
Epoch 30/40 - Train Loss: 0.7211 - Val Loss: 0.6942 - Val Acc: 0.5093
Epoch 40/40 - Train Loss: 0.7184 - Val Loss: 0.6932 - Val Acc: 0.5200
🧹 Sweep run completed. ✅
Starting W&B run: run_lr0.0054_bs64_optadamw
Epoch 1/40 - Train Loss: 0.7009 - Val Loss: 0.6970 - Val Acc: 0.5147
Epoch 10/40 - Train Loss: 0.6716 - Val Loss: 0.6776 - Val Acc: 0.5947
Epoch 20/40 - Train Loss: 0.6448 - Val Loss: 0.7039 - Val Acc: 0.5653
Early stopping triggered (overfitting detected).
🧹 Sweep run completed. ✅
Starting W&B run: run_lr0.0029_bs256_optsgd
Epoch 1/40 - Train Loss: 43.0845 - Val Loss: 44.4948 - Val Acc: 0.5413
Epoch 10/40 - Train Loss: 42.8235 - Val Loss: 44.8366 - Val Acc: 0.5413
Early stopping triggered (overfitting detected).
🧹 Sweep run completed. ✅
Starting W&B run: run_lr0.0001_bs256_optadam
Epoch 1/40 - Train Loss: 26.7554 - Val Loss: 17.0326 - Val Acc: 0.5413
Epoch 10/40 - Train Loss: 17.8028 - Val Loss: 1.2627 - Val Acc: 0.5387
Epoch 20/40 - Train Loss: 9.9606 - Val Loss: 0.7509 - Val Acc: 0.4587
Early stopping triggered (overfitting detected).
🧹 Sweep run completed. ✅
Starting W&B run: run_lr0.0011_bs64_optadamw
Epoch 1/40 - Train Loss: 0.6921 - Val Loss: 0.6916 - Val Acc: 0.5360
Epoch 10/40 - Train Loss: 0.6567 - Val Loss: 0.6973 - Val Acc: 0.5413
Early stopping triggered (overfitting detected).
🧹 Sweep run completed. ✅
Starting W&B run: run_lr0.0116_bs256_optsgd
Epoch 1/40 - Train Loss: 0.6973 - Val Loss: 0.6923 - Val Acc: 0.5040
Epoch 10/40 - Train Loss: 0.6983 - Val Loss: 0.6922 - Val Acc: 0.5093
Epoch 20/40 - Train Loss: 0.6969 - Val Loss: 0.6894 - Val Acc: 0.5413
Epoch 30/40 - Train Loss: 0.6939 - Val Loss: 0.6889 - Val Acc: 0.5413
Epoch 40/40 - Train Loss: 0.6962 - Val Loss: 0.6885 - Val Acc: 0.5413
🧹 Sweep run completed. ✅
